Date,Open,High,Low,Close,Adj Close,Volume
01-01-2019,1253,1271,1250,1266.400024,1245.410767,292677
02-01-2019,1268,1288,1251.800049,1258.75,1237.887573,658775
03-01-2019,1258,1273,1254.050049,1266.650024,1245.65686,322081
04-01-2019,1259,1297.300049,1259,1293,1271.569824,725206
07-01-2019,1299,1300,1275,1282.099976,1260.850464,683914
08-01-2019,1281.900024,1282,1245.550049,1249.5,1228.790894,893261
09-01-2019,1256.25,1271,1249.5,1267.400024,1246.394287,289161
10-01-2019,1263,1292.25,1256.75,1285.400024,1264.095947,428709
11-01-2019,1286,1295.300049,1269.25,1292.699951,1271.27478,467514
14-01-2019,1289.800049,1328.449951,1282,1322.599976,1300.679077,887486
15-01-2019,1323.349976,1334.900024,1317.199951,1329.150024,1307.12085,466539
16-01-2019,1328.199951,1354,1328.099976,1347.599976,1325.265015,513687
17-01-2019,1344.900024,1358.650024,1341.25,1352.949951,1330.526367,420061
18-01-2019,1350,1372.900024,1335.050049,1366.300049,1343.655029,702678
21-01-2019,1366.300049,1387.25,1315.550049,1326.050049,1304.072266,1293001
22-01-2019,1316.099976,1323,1288.5,1293.800049,1272.356567,1100328
23-01-2019,1296.900024,1317,1284.050049,1293.849976,1272.405884,671259
24-01-2019,1310,1339.75,1294.199951,1314.650024,1292.861206,831256
25-01-2019,1321.199951,1331.900024,1280.849976,1292.300049,1270.88147,571327
28-01-2019,1287,1302.099976,1262.650024,1265.800049,1244.820679,254670
29-01-2019,1259,1306.75,1254,1299.650024,1278.109741,463118
30-01-2019,1299,1323,1297.5,1319.599976,1297.728882,315858
31-01-2019,1315,1334,1313.349976,1325.650024,1303.678955,471658
01-02-2019,1320,1357.900024,1320,1341.25,1319.020264,530789
04-02-2019,1335,1336.900024,1278.5,1296.75,1275.25769,548166
05-02-2019,1300,1309.800049,1282,1290.849976,1269.455444,423344
06-02-2019,1298,1315,1287.900024,1304.050049,1282.436768,410854
07-02-2019,1304.050049,1319,1290.099976,1295.849976,1274.372681,305098
08-02-2019,1298.5,1298.5,1252.099976,1257.849976,1237.002686,581292
11-02-2019,1300,1300,1090,1121.900024,1103.305786,5424327
12-02-2019,1133,1189.900024,1101.099976,1132.25,1113.484131,4732005
14-02-2019,1155.5,1169.949951,1126.849976,1152.349976,1133.250732,708081
15-02-2019,1142.099976,1152.099976,1130,1142.800049,1123.859253,386448
18-02-2019,1143,1149.150024,1083.099976,1116.849976,1098.339355,1323161
19-02-2019,1125,1146.699951,1112.099976,1116.400024,1097.896851,969990
20-02-2019,1127,1143.400024,1120,1129.599976,1110.878052,1188434
21-02-2019,1135,1158,1127,1152.199951,1133.103394,1308447
22-02-2019,1145,1155.5,1139.599976,1146.199951,1127.202759,511047
25-02-2019,1145.900024,1198,1131.400024,1187.449951,1167.769165,1374338
26-02-2019,1175.599976,1177.050049,1148,1157.349976,1138.168091,1071336
27-02-2019,1166,1179.900024,1140.699951,1149.300049,1130.251587,1037445
28-02-2019,1155.050049,1160,1137,1140.900024,1121.990601,695585
01-03-2019,1140.099976,1165.849976,1140,1151.849976,1132.759399,904319
05-03-2019,1159.800049,1195,1146.800049,1191.900024,1172.145508,564049
06-03-2019,1186.900024,1212.849976,1183.5,1192.75,1172.981689,1679631
07-03-2019,1195.349976,1202,1179.300049,1186.949951,1167.277588,642857
08-03-2019,1186,1188.449951,1167,1171.900024,1152.477051,268170
11-03-2019,1172.5,1211.800049,1172.5,1204.050049,1184.094238,938550
12-03-2019,1211.900024,1211.900024,1132.699951,1157.25,1138.069946,1370850
13-03-2019,1160,1166.050049,1092,1117.599976,1099.076782,1797280
14-03-2019,1123,1143.400024,1116.099976,1131.949951,1113.189087,717230
15-03-2019,1138,1152.900024,1110,1124.150024,1105.518433,731215
18-03-2019,1126.400024,1139.900024,1115,1119.650024,1101.092896,353486
19-03-2019,1121.849976,1144.949951,1121.849976,1139.900024,1121.007446,398908
20-03-2019,1147.699951,1180.099976,1135,1166,1146.674805,1269611
22-03-2019,1173.25,1182.150024,1144,1150.599976,1131.529907,754339
25-03-2019,1149,1160.849976,1134.449951,1147.050049,1128.038818,467825
26-03-2019,1146,1160,1138.949951,1151.900024,1132.80835,434281
27-03-2019,1163,1178.099976,1150.050049,1153.75,1134.627808,486185
28-03-2019,1154,1188,1154,1182.949951,1163.34375,693131
01-04-2019,1231,1278.800049,1226.5,1269.5,1248.459351,1002709
02-04-2019,1269,1284,1248.650024,1255.300049,1234.494629,638278
03-04-2019,1259,1276.699951,1255.25,1259.75,1238.870972,336310
04-04-2019,1262.949951,1269,1249.050049,1256.25,1235.429077,236648
05-04-2019,1268,1275,1236.050049,1245,1224.365356,469357
08-04-2019,1249,1257.400024,1230.550049,1237.099976,1216.596436,479351
09-04-2019,1242,1263,1226.099976,1259.550049,1238.674316,452314
10-04-2019,1253.199951,1269.75,1240.300049,1246.25,1225.594604,251194
11-04-2019,1240,1259.800049,1235,1240.400024,1219.841919,325454
12-04-2019,1247.699951,1268.199951,1231.599976,1264.300049,1243.345581,365799
15-04-2019,1270.599976,1285.349976,1265.099976,1271.400024,1250.327881,525419
16-04-2019,1271.25,1294.900024,1271.050049,1275.199951,1254.064697,375036
18-04-2019,1274,1279.900024,1255.800049,1271.599976,1250.524414,283213
22-04-2019,1269,1269,1219,1232.050049,1211.630249,534002
23-04-2019,1233,1254,1229.800049,1242.900024,1222.300293,280002
24-04-2019,1242.900024,1268.699951,1222,1228.800049,1208.433838,569926
25-04-2019,1232,1259.800049,1230.050049,1246.25,1225.594604,360981
26-04-2019,1243,1254.900024,1226.300049,1239.199951,1218.661377,242464
30-04-2019,1239.800049,1248,1205.099976,1216.5,1196.337891,336375
02-05-2019,1217,1224.900024,1153.800049,1194.550049,1174.751709,1083586
03-05-2019,1194.550049,1212.550049,1183.300049,1199.300049,1179.422852,347353
06-05-2019,1170.349976,1205.849976,1170.349976,1190.300049,1170.572144,225661
07-05-2019,1195.5,1199.099976,1152.349976,1164.949951,1145.642212,320142
08-05-2019,1156,1183.599976,1152,1170.300049,1150.903687,246581
09-05-2019,1165,1199,1157.099976,1169.599976,1150.21521,310077
10-05-2019,1176.150024,1196.5,1167.650024,1186.550049,1166.884033,173882
13-05-2019,1186.949951,1192.949951,1161.199951,1172.300049,1152.870483,200737
14-05-2019,1175.900024,1175.900024,1130,1142.5,1123.564209,625364
15-05-2019,1148.199951,1161,1147.050049,1156.449951,1137.283081,235916
16-05-2019,1161.900024,1161.900024,1112.150024,1136.449951,1117.614502,505445
17-05-2019,1136.449951,1159.199951,1132.300049,1141.199951,1122.285767,270312
20-05-2019,1158.050049,1206.900024,1158.050049,1198.300049,1178.439453,326706
21-05-2019,1196,1215,1165.099976,1172.699951,1153.263794,253823
22-05-2019,1177.699951,1179,1154,1162.949951,1143.675293,221323
23-05-2019,1193,1193,1143.349976,1150.099976,1131.03833,222973
24-05-2019,1159.75,1188.5,1155.5,1170.5,1151.100098,257237
27-05-2019,1177.5,1212.900024,1175.150024,1198.800049,1178.931152,294036
28-05-2019,1200,1209.449951,1181,1190.800049,1171.063599,512288
29-05-2019,1191.5,1209,1173.300049,1203.300049,1183.356812,278890
30-05-2019,1211.949951,1234.5,1192.5,1203,1183.061646,1087194
31-05-2019,1209.599976,1266.900024,1209.599976,1238.800049,1218.268311,1342593
03-06-2019,1243,1368.699951,1243,1357.300049,1334.804321,3836627
04-06-2019,1350,1357.449951,1324,1332.300049,1310.218506,1306110
06-06-2019,1337,1375,1327.300049,1342.150024,1319.905151,1226417
07-06-2019,1342,1406,1330.75,1398.199951,1375.026489,1963985
10-06-2019,1400,1402.5,1368.25,1379.099976,1356.24292,731973
11-06-2019,1385.699951,1401.449951,1375,1379.949951,1357.078735,827845
12-06-2019,1380.900024,1398.849976,1365,1381.75,1358.848999,523008
13-06-2019,1380.5,1383.800049,1355.5,1374.300049,1351.522583,376393
14-06-2019,1371,1394.900024,1366.5,1370.599976,1347.883667,349894
17-06-2019,1379,1388,1356.099976,1361.050049,1338.492065,418598
18-06-2019,1361.900024,1366,1338,1354.699951,1332.24707,434991
19-06-2019,1357,1383,1341,1351.75,1329.346069,486030
20-06-2019,1392,1404.199951,1355.300049,1374.300049,1351.522583,1462438
21-06-2019,1373,1385.300049,1343.349976,1348.25,1325.904297,563852
24-06-2019,1353.900024,1357.099976,1330.050049,1344.650024,1322.36377,420849
25-06-2019,1345,1351.449951,1309.949951,1324.849976,1302.891846,1156668
26-06-2019,1320,1325.050049,1301.050049,1307.949951,1286.271973,597977
27-06-2019,1310.550049,1322.949951,1292.599976,1312.449951,1290.697632,688891
28-06-2019,1324.900024,1382,1319.300049,1359.199951,1336.672607,1568379
01-07-2019,1363,1386.599976,1356.150024,1370.699951,1347.981934,675302
02-07-2019,1374.400024,1376.449951,1350,1356.050049,1333.574951,527306
03-07-2019,1356.650024,1364.199951,1338.75,1341.599976,1319.364502,220036
04-07-2019,1335.650024,1349.650024,1322.199951,1325.449951,1303.482056,369704
05-07-2019,1327.349976,1341.449951,1301.949951,1306.650024,1284.99353,374619
08-07-2019,1296.099976,1324.550049,1290.550049,1303.25,1281.649902,523713
09-07-2019,1303.25,1352.900024,1302.75,1328.650024,1306.629028,806802
10-07-2019,1327.949951,1337.550049,1313.050049,1318.150024,1296.303101,440764
11-07-2019,1318.150024,1332.099976,1298.5,1315.300049,1293.500244,560976
12-07-2019,1320.300049,1368,1317,1363.25,1340.655273,1433514
15-07-2019,1371,1404,1367.550049,1385.699951,1362.733276,1269223
16-07-2019,1372.150024,1398.5,1360.900024,1390.199951,1367.158813,739553
17-07-2019,1388.300049,1427,1370,1383.800049,1360.86499,1150697
18-07-2019,1380,1400,1365.099976,1388.050049,1365.044556,464854
19-07-2019,1388.150024,1398.949951,1367.050049,1373.449951,1350.686401,294619
22-07-2019,1373.650024,1389,1351,1364.650024,1342.032471,344053
23-07-2019,1368.5,1377.849976,1355,1366,1343.359985,209290
24-07-2019,1360.099976,1372.650024,1317.699951,1335.449951,1313.316284,398286
25-07-2019,1335.449951,1349,1314,1343.599976,1321.331055,391683
26-07-2019,1344.150024,1367.75,1322.900024,1363.050049,1340.45874,336855
29-07-2019,1363.050049,1378,1335.400024,1365.849976,1343.212402,396917
30-07-2019,1364.900024,1374,1329,1333.599976,1311.496948,364277
31-07-2019,1327,1356.5,1319.150024,1351.599976,1329.19873,343969
01-08-2019,1344,1381.5,1341,1365.550049,1342.91748,492611
02-08-2019,1355.099976,1359.949951,1275,1310.199951,1288.484985,976127
05-08-2019,1303.699951,1311.150024,1287.25,1301.650024,1280.076538,362139
06-08-2019,1290,1355.300049,1290,1340.25,1318.036743,335196
07-08-2019,1340,1355,1310.050049,1314.650024,1292.861206,230845
08-08-2019,1315,1340,1306,1334.400024,1312.283936,203895
09-08-2019,1331,1371,1331,1358.800049,1336.279297,399477
13-08-2019,1358.800049,1370.550049,1311.900024,1322.5,1300.581055,610748
14-08-2019,1399,1445,1345.650024,1360.199951,1337.65625,3189181
16-08-2019,1365,1487,1362.199951,1470.599976,1446.22644,3588110
19-08-2019,1470.599976,1508.949951,1461.050049,1483.949951,1459.355103,1815260
20-08-2019,1488,1490,1463.449951,1475.099976,1450.651733,561093
21-08-2019,1471.25,1489,1457.25,1466,1441.702637,779790
22-08-2019,1470,1475.300049,1445.300049,1451.099976,1427.049561,602866
23-08-2019,1448.050049,1464.900024,1425,1440.849976,1416.96936,737187
26-08-2019,1444,1472.550049,1422.550049,1461,1436.7854,501588
27-08-2019,1461,1480,1450.199951,1475.550049,1451.09436,466048
28-08-2019,1478.699951,1535,1477,1521.400024,1496.184326,1429654
29-08-2019,1520,1529.800049,1505.099976,1518.349976,1493.184937,619177
30-08-2019,1519.800049,1542.449951,1496.25,1508.150024,1483.154053,869797
03-09-2019,1496,1504.949951,1488,1493.449951,1468.69751,301790
04-09-2019,1501.900024,1505,1485.050049,1496.900024,1472.090332,320979
05-09-2019,1495.5,1509,1487,1497,1472.188721,314054
06-09-2019,1503,1536.449951,1484.800049,1500.199951,1475.335815,1098301
09-09-2019,1500,1512.449951,1473.050049,1494.099976,1469.336914,625979
11-09-2019,1500,1512.699951,1474.050049,1497.199951,1472.385498,626957
12-09-2019,1572,1579.699951,1454,1458.75,1440.344849,2491122
13-09-2019,1464.900024,1477,1430.599976,1458.150024,1439.752441,883257
16-09-2019,1455,1461.599976,1428.800049,1435.849976,1417.733643,408800
17-09-2019,1432,1440,1410.150024,1415.050049,1397.196289,605036
18-09-2019,1417,1444,1401.699951,1433.900024,1415.808472,790353
19-09-2019,1434.949951,1434.949951,1406.550049,1412.699951,1394.875854,465939
20-09-2019,1415,1475,1393,1469.349976,1450.811157,1265101
23-09-2019,1490,1519,1445,1470.5,1451.946655,928873
24-09-2019,1479.400024,1488.400024,1433.199951,1453.099976,1434.766113,410553
25-09-2019,1456,1457.449951,1417.75,1427.550049,1409.538574,274220
26-09-2019,1435,1444,1418.900024,1429.199951,1411.167603,450521
27-09-2019,1431.699951,1433.949951,1394.099976,1400.550049,1382.87915,553438
30-09-2019,1404.400024,1405.849976,1360.199951,1395.5,1377.892822,708880
01-10-2019,1398,1408.949951,1360.5,1369.25,1351.974121,356435
03-10-2019,1355.650024,1383.849976,1348.550049,1379.099976,1361.699829,443258
04-10-2019,1385,1422.5,1384.949951,1400.449951,1382.780273,860655
07-10-2019,1409.199951,1430,1399,1410.650024,1392.851685,673596
09-10-2019,1407.5,1431.849976,1397.550049,1425.050049,1407.07019,381888
10-10-2019,1422,1438,1405.5,1412.25,1394.431519,435916
11-10-2019,1419.300049,1454.800049,1407.949951,1448.099976,1429.829224,649286
14-10-2019,1457.150024,1477.25,1444.800049,1451.75,1433.433228,878725
15-10-2019,1459.900024,1489,1457,1483.75,1465.029419,594035
16-10-2019,1484,1494.400024,1480,1483.199951,1464.486328,304772
17-10-2019,1489,1493,1470.650024,1487.300049,1468.534546,354752
18-10-2019,1491,1531,1490.349976,1507.849976,1488.825317,562505
22-10-2019,1502,1540,1502,1519.400024,1500.229736,621477
23-10-2019,1520,1530.849976,1510,1513.75,1494.651001,193859
24-10-2019,1518.300049,1540,1518.300049,1536.800049,1517.410278,340507
25-10-2019,1540,1543.300049,1507.349976,1519.349976,1500.180298,289340
27-10-2019,1527,1533.25,1520,1529.650024,1510.350464,31619
29-10-2019,1526.099976,1527,1393,1431,1412.944702,2296243
30-10-2019,1459.800049,1489.25,1440,1461.949951,1443.504395,751366
31-10-2019,1471,1499.800049,1463.050049,1484.800049,1466.066284,457117
01-11-2019,1492.800049,1508,1450.099976,1460,1441.579102,551152
04-11-2019,1461,1471,1411,1414.75,1396.899902,519503
05-11-2019,1423.5,1446.800049,1412.5,1414.949951,1397.097534,620983
06-11-2019,1416,1429.949951,1402.050049,1413.900024,1396.060791,604579
07-11-2019,1422.699951,1469,1420.5,1463.900024,1445.429932,909619
08-11-2019,1467.900024,1467.900024,1415,1418.599976,1400.701416,504630
11-11-2019,1425,1445,1414.150024,1419,1401.096313,475250
13-11-2019,1420.050049,1435,1379.150024,1388.650024,1371.129395,506842
14-11-2019,1394,1441.5,1386.300049,1419.150024,1401.244507,1643108
15-11-2019,1437.449951,1445.400024,1380,1397.25,1379.62085,1282545
18-11-2019,1419,1428.599976,1398.199951,1403.949951,1386.236328,783234
19-11-2019,1408.800049,1420.800049,1402,1410.949951,1393.148071,472316
20-11-2019,1422,1437.099976,1415,1421.550049,1403.614258,660964
21-11-2019,1428,1462.949951,1425,1455.449951,1437.086304,1123652
22-11-2019,1459.650024,1475.050049,1440.650024,1451.599976,1433.284912,882624
25-11-2019,1451.400024,1464.699951,1440.150024,1450.349976,1432.050659,337740
26-11-2019,1455,1488,1450.650024,1458.400024,1439.999268,989762
27-11-2019,1467.5,1480,1460,1463.949951,1445.479248,400326
28-11-2019,1465.349976,1476.400024,1440,1444.5,1426.274536,397266
29-11-2019,1453.5,1466.849976,1431,1441.199951,1423.016235,359720
02-12-2019,1450.199951,1450.199951,1414.449951,1416.25,1398.381226,308438
03-12-2019,1423.900024,1423.900024,1400,1404.400024,1386.680298,405568
04-12-2019,1404,1478.550049,1401.050049,1470.25,1451.699707,1204381
05-12-2019,1471.849976,1492.550049,1451.599976,1483.199951,1464.486328,725914
06-12-2019,1479.900024,1510,1459.599976,1465,1446.515991,830784
09-12-2019,1466,1474.449951,1402.699951,1411.800049,1393.987427,878632
10-12-2019,1412.5,1437,1368,1373.949951,1356.614746,1141233
11-12-2019,1380,1407,1380,1390.449951,1372.906494,735568
12-12-2019,1395,1406,1374.75,1385.5,1368.019165,698123
13-12-2019,1393,1397.75,1345,1353,1335.929199,2563372
16-12-2019,1370,1389.900024,1366,1370.550049,1353.257446,825493
17-12-2019,1369.949951,1369.949951,1341.349976,1363.650024,1346.444702,1184021
18-12-2019,1371.050049,1394.849976,1370,1384.849976,1367.377319,1244195
19-12-2019,1385.449951,1403.550049,1371.150024,1396.400024,1378.781616,730557
20-12-2019,1400,1402.400024,1375.5,1379.199951,1361.798462,629259
23-12-2019,1378,1390,1365.550049,1386.25,1368.759644,476672
24-12-2019,1391.900024,1398.449951,1372.199951,1375.449951,1358.095825,295536
26-12-2019,1384.400024,1387.699951,1370.449951,1379.599976,1362.193481,344456
27-12-2019,1379.949951,1424.949951,1379.5,1418.099976,1400.20752,1085655
30-12-2019,1421.199951,1432.849976,1411.599976,1418.900024,1400.997803,527326
31-12-2019,1417,1454,1415,1442,1423.806274,985801
01-01-2020,1440,1442,1422.199951,1426.349976,1408.353638,268255
02-01-2020,1428,1509.199951,1428,1494.650024,1475.791748,2000143
03-01-2020,1494.650024,1505,1481.550049,1486.099976,1467.349731,629443
06-01-2020,1480,1480,1458.150024,1462.5,1444.047485,378702
07-01-2020,1475,1498.949951,1472.550049,1478.699951,1460.043213,365266
08-01-2020,1464,1479.599976,1458,1473.650024,1455.056885,190163
09-01-2020,1490,1498.699951,1473,1479.599976,1460.931763,254798
10-01-2020,1484,1502,1476,1485.900024,1467.152466,364434
13-01-2020,1493.300049,1504,1479.449951,1483.449951,1464.733154,374704
14-01-2020,1485.099976,1502,1483.900024,1493.300049,1474.458984,308514
15-01-2020,1488.300049,1529,1488,1511.949951,1492.873779,932167
16-01-2020,1519.699951,1607,1518.050049,1591.550049,1571.469238,2305288
17-01-2020,1595.550049,1624,1580,1618.599976,1598.178223,893254
20-01-2020,1620,1659,1616.5,1629.550049,1608.990112,1047368
21-01-2020,1629.849976,1642.5,1621,1626.199951,1605.682007,317357
22-01-2020,1643.650024,1664,1626.5,1634.449951,1613.828247,736367
23-01-2020,1638.800049,1699.900024,1631.25,1686.900024,1665.616333,764590
24-01-2020,1690,1697.550049,1649.099976,1668.699951,1647.646118,1023849
27-01-2020,1668,1713,1662,1696.050049,1674.651001,791549
28-01-2020,1695.900024,1704.800049,1673.800049,1677.75,1656.581787,681671
29-01-2020,1687,1694.949951,1671.050049,1688,1666.702515,230705
30-01-2020,1685,1709.75,1680.25,1690.800049,1669.467041,634505
31-01-2020,1699.199951,1699.25,1656.449951,1660.199951,1639.253174,377299
03-02-2020,1616,1717.599976,1616,1695.849976,1674.453125,584886
04-02-2020,1695.849976,1704.900024,1661,1671.050049,1649.966309,384789
05-02-2020,1681,1681,1650,1657.449951,1636.53772,438855
06-02-2020,1665.699951,1665.699951,1622.199951,1645.050049,1624.294434,552992
07-02-2020,1649.800049,1678.5,1628,1663.150024,1642.165771,554048
10-02-2020,1663,1701.599976,1634.5,1665.699951,1644.683594,778081
11-02-2020,1670.5,1702.900024,1669,1697.949951,1676.526855,606839
12-02-2020,1705,1716.949951,1670.550049,1683.599976,1662.358032,728165
13-02-2020,1675,1707,1655,1695.5,1674.10791,902548
14-02-2020,1721,1747.699951,1674.449951,1704.400024,1682.895508,3179224
17-02-2020,1727,1737,1700.099976,1715.050049,1693.411133,808709
18-02-2020,1716,1784.400024,1704.800049,1774.900024,1752.505981,1860803
19-02-2020,1774.900024,1792.599976,1750.699951,1780.5,1758.035522,1029649
20-02-2020,1790,1813.449951,1778.25,1800.699951,1777.980591,799535
24-02-2020,1796,1813.550049,1764.25,1797.449951,1774.771606,708469
25-02-2020,1798,1810,1778,1790.449951,1771.062134,459592
26-02-2020,1785.949951,1796.949951,1763,1767.199951,1748.063721,494854
27-02-2020,1765,1803,1755.099976,1795.400024,1775.958618,919960
28-02-2020,1780.5,1799.75,1726.099976,1735.800049,1717.003906,1234826
02-03-2020,1750,1777.900024,1711.199951,1728.550049,1709.83252,980080
03-03-2020,1738.900024,1753.199951,1695,1725.699951,1707.013306,672514
04-03-2020,1727,1772,1711.650024,1755.25,1736.243164,1164850
05-03-2020,1764.949951,1768.849976,1718.599976,1727.199951,1708.496948,661463
06-03-2020,1700,1710,1673,1688.900024,1670.611572,498503
09-03-2020,1650,1671.75,1606.099976,1640.900024,1623.131714,486073
11-03-2020,1629,1642.800049,1611,1629.25,1611.607544,617459
12-03-2020,1580,1590.050049,1480.300049,1508,1491.670532,1279868
13-03-2020,1380.099976,1598.5,1379,1513.650024,1497.259277,828569
16-03-2020,1431,1540.900024,1363.349976,1472.800049,1456.851929,1197701
17-03-2020,1492.800049,1518.949951,1415.449951,1426.75,1411.300537,610719
18-03-2020,1454,1454,1233.550049,1282.699951,1268.810181,1731130
19-03-2020,1195.099976,1248.25,1052.349976,1180.099976,1167.321167,2412020
20-03-2020,1190.25,1400.400024,1150,1362.949951,1348.191284,2002316
23-03-2020,1226.699951,1299.349976,1149,1158.650024,1146.103516,816579
24-03-2020,1250,1265,1124.150024,1156,1143.482056,1641749
25-03-2020,1180,1222.199951,1072.050049,1183.75,1170.931519,2323541
26-03-2020,1190,1336.300049,1132,1215.849976,1202.684204,2809679
27-03-2020,1259,1259,1130.300049,1167,1154.363159,2480908
30-03-2020,1139,1167,1080.150024,1098.25,1086.357544,1207547
31-03-2020,1122,1155.099976,1047.050049,1139.050049,1126.715942,1882578
01-04-2020,1136,1139,1080.050049,1088.849976,1077.059204,1017298
03-04-2020,1094.199951,1239.449951,1088.050049,1189.550049,1176.669189,2397409
07-04-2020,1236,1278.650024,1212.5,1225.949951,1212.674683,1473088
08-04-2020,1225.900024,1338.400024,1211,1263.949951,1250.263306,2070258
09-04-2020,1266,1300,1256.650024,1279.849976,1265.991089,1156777
13-04-2020,1300,1300,1229.800049,1279.400024,1265.546143,1027810
15-04-2020,1295,1414.949951,1291.599976,1360.550049,1345.817261,2274130
16-04-2020,1370.75,1440,1334.050049,1423.449951,1408.036133,1281806
17-04-2020,1450,1472,1360,1374.099976,1359.220459,1718038
20-04-2020,1385,1465,1373,1450.949951,1435.238281,1859711
21-04-2020,1416,1433.050049,1330.099976,1351.150024,1336.519165,1669510
22-04-2020,1351.25,1368.349976,1311.400024,1348.300049,1333.700073,1272533
23-04-2020,1372,1416.900024,1361.800049,1384.050049,1369.062744,1301177
24-04-2020,1360,1377.5,1341.099976,1359.5,1344.778687,755944
27-04-2020,1370.099976,1423.349976,1370.099976,1418.900024,1403.535522,1179779
28-04-2020,1429.800049,1458.199951,1417.050049,1426.449951,1411.003662,1214114
29-04-2020,1420,1428.800049,1375,1417.949951,1402.595703,1010961
30-04-2020,1441.900024,1441.900024,1387.25,1394.349976,1379.251099,731401
04-05-2020,1394.650024,1427.150024,1355.5,1371.75,1356.896118,1532116
05-05-2020,1399,1401.800049,1334.449951,1347.599976,1333.007446,652241
06-05-2020,1350,1359,1261.75,1305.75,1291.610718,1621448
07-05-2020,1293.949951,1335,1265.5,1271.150024,1257.385376,935845
08-05-2020,1280.300049,1327.5,1276.199951,1314.800049,1300.562622,1250585
11-05-2020,1320,1341.75,1282.400024,1304.199951,1290.077393,717988
12-05-2020,1296.099976,1320,1280.949951,1301.099976,1287.011108,663107
13-05-2020,1334,1334,1258,1284.550049,1270.640259,1508002
14-05-2020,1289.300049,1310,1265.800049,1294.400024,1280.383545,907116
15-05-2020,1299,1377.099976,1290.150024,1355.300049,1340.624146,1984090
18-05-2020,1355,1364.900024,1256,1266.050049,1252.340698,860662
19-05-2020,1290,1302,1267,1274.25,1260.451904,960164
20-05-2020,1274.900024,1298.949951,1270.099976,1288.449951,1274.497925,531853
21-05-2020,1292,1310,1272.199951,1280.300049,1266.436279,608962
22-05-2020,1270,1296,1252.650024,1280,1266.139526,775343
26-05-2020,1290,1338.800049,1286.099976,1321.75,1307.437256,1145344
27-05-2020,1322.199951,1359.5,1318,1337.599976,1323.115601,1386447
28-05-2020,1340,1354,1317,1337.050049,1322.571777,523206
29-05-2020,1323,1367.599976,1314.949951,1356.949951,1342.256104,870048
01-06-2020,1372,1398,1357.550049,1373.300049,1358.429199,868868
02-06-2020,1379,1394.849976,1350.5,1360.650024,1345.916138,608623
03-06-2020,1370,1407,1340.050049,1349.800049,1335.183716,738592
04-06-2020,1355,1367.75,1336,1364.25,1349.477295,762916
05-06-2020,1369.599976,1380.800049,1351.699951,1359.050049,1344.33374,548928
08-06-2020,1368.599976,1408,1352.050049,1364.050049,1349.279297,746452
09-06-2020,1369.949951,1392,1352.699951,1364.550049,1349.773926,517243
10-06-2020,1365,1378.400024,1332,1355.650024,1340.970337,710311
11-06-2020,1359,1391,1339,1347.550049,1332.95813,677212
12-06-2020,1305,1410,1302.199951,1403.599976,1388.400879,1340007
15-06-2020,1394.800049,1429,1371,1410.699951,1395.424072,1375760
16-06-2020,1440,1440,1355.300049,1372.75,1357.88501,1021337
17-06-2020,1375,1386.650024,1346.650024,1352.349976,1337.706055,481888
18-06-2020,1354.949951,1368.5,1336.199951,1347.449951,1332.859009,591592
19-06-2020,1357,1384,1350.150024,1370.699951,1355.857178,894818
22-06-2020,1380,1408.75,1371.650024,1398.300049,1383.158447,758430
23-06-2020,1408,1422,1394.400024,1416.099976,1400.765747,630401
24-06-2020,1424,1440,1401,1411.800049,1396.512451,681132
25-06-2020,1411.800049,1444,1405.5,1437.5,1421.93396,872300
26-06-2020,1453,1480,1376.300049,1388.150024,1373.118286,3862478
29-06-2020,1381,1405.550049,1359.25,1365.050049,1350.268555,911358
30-06-2020,1377,1384.449951,1344,1349.849976,1335.23291,759369
01-07-2020,1350,1353.550049,1311,1319.650024,1305.360107,1066663
02-07-2020,1330,1367.900024,1326.25,1362.550049,1347.795654,1095777
03-07-2020,1372,1401,1366,1379.800049,1364.858887,1034372
06-07-2020,1384.800049,1412.849976,1381.599976,1410.050049,1394.78125,684284
07-07-2020,1408,1426,1395,1419.25,1403.881714,750569
08-07-2020,1427,1431,1387.199951,1393.849976,1378.756592,931697
09-07-2020,1405,1418,1390.349976,1404,1388.796631,534658
10-07-2020,1400,1439.199951,1396.75,1402.449951,1387.26355,722285
13-07-2020,1414.949951,1442.900024,1406.550049,1431.449951,1415.949463,769099
14-07-2020,1425.949951,1455,1418.599976,1441.75,1426.137817,846728
15-07-2020,1450.099976,1469.849976,1440.099976,1465.25,1449.383301,821199
16-07-2020,1469.949951,1491.949951,1427.550049,1436.599976,1421.043579,1040680
17-07-2020,1436.699951,1507,1436.699951,1499.199951,1482.965942,1195304
20-07-2020,1507.800049,1517.650024,1465.25,1485.099976,1469.018555,1032717
21-07-2020,1500.900024,1520,1495,1500.099976,1483.856079,731642
22-07-2020,1500,1507.050049,1468.25,1481.150024,1465.111328,477423
23-07-2020,1485,1535,1478.400024,1531.300049,1514.718262,1015614
24-07-2020,1536.949951,1549.349976,1496.050049,1512.050049,1495.676758,1481040
27-07-2020,1519,1531.650024,1492.050049,1508.349976,1492.016724,442729
28-07-2020,1518.400024,1609.300049,1511,1599.199951,1581.883179,1886396
29-07-2020,1599.199951,1649.400024,1581,1641.300049,1623.5271,1522653
30-07-2020,1637.5,1728,1631.150024,1716.150024,1697.566772,2000500
31-07-2020,1717.050049,1717.050049,1643.5,1674.599976,1656.466553,885944
03-08-2020,1670,1703.150024,1567.099976,1574.349976,1557.302002,2067390
04-08-2020,1570,1667.050049,1568.050049,1653.949951,1636.040161,2098343
05-08-2020,1666.900024,1715,1658,1676.25,1658.098755,1857434
06-08-2020,1688.5,1740,1654.199951,1693.449951,1675.112427,1406163
07-08-2020,1700.550049,1753,1700.550049,1743.199951,1724.323608,1570379
10-08-2020,1758.949951,1798,1754,1785.150024,1765.81958,1082244
11-08-2020,1790,1797.949951,1738.5,1750.75,1731.79187,697840
12-08-2020,1750.75,1753.650024,1703.099976,1707,1688.515747,804252
13-08-2020,1725,1777.900024,1711.5,1725.099976,1706.419678,1005174
14-08-2020,1735,1750,1687.5,1707.349976,1688.861816,765898
17-08-2020,1715,1727.25,1686,1704.400024,1685.94397,479355
18-08-2020,1704.400024,1716.800049,1678.800049,1697.150024,1678.772339,639935
19-08-2020,1710,1718.25,1682,1685,1666.754028,606462
20-08-2020,1679,1704,1672,1693.199951,1674.865112,455458
21-08-2020,1715,1749,1665.650024,1677.5,1659.335205,1091774
24-08-2020,1695.5,1700,1675.400024,1690.550049,1672.243774,525574
25-08-2020,1691,1716.5,1658.650024,1664.449951,1646.426514,682054
26-08-2020,1664.449951,1664.449951,1635.199951,1651.199951,1633.319702,748724
27-08-2020,1656,1679.949951,1638.199951,1650,1632.132813,476278
28-08-2020,1653.800049,1675.900024,1647.550049,1661.949951,1643.953369,548801
31-08-2020,1670,1676.949951,1622,1634.550049,1616.85022,626908
01-09-2020,1635,1695,1626.099976,1670.849976,1652.757202,1106516
02-09-2020,1687.699951,1708.400024,1670,1698.650024,1680.256226,1098000
03-09-2020,1703.150024,1717,1688.5,1698.949951,1680.552734,588865
04-09-2020,1685,1689.75,1643,1649.900024,1632.034058,456702
07-09-2020,1654,1667.900024,1620.400024,1649.25,1631.390991,443358
08-09-2020,1659.949951,1685.900024,1630.849976,1651.650024,1633.765015,710352
09-09-2020,1636,1688.150024,1600.800049,1606.449951,1589.054688,1000765
10-09-2020,1600,1615,1585.050049,1608.900024,1591.478027,936677
11-09-2020,1614,1648.650024,1595.050049,1611.800049,1594.34668,867578
14-09-2020,1637.900024,1653.199951,1590.150024,1623.699951,1606.117676,1094575
15-09-2020,1601.050049,1698.550049,1601.050049,1672.849976,1654.735474,2802668
16-09-2020,1692.949951,1738.400024,1678.050049,1688.900024,1670.611572,2077987
17-09-2020,1695.25,1787,1683.400024,1777.099976,1760.723511,2006191
18-09-2020,1777.099976,1871.949951,1774.050049,1828.449951,1811.600342,3235148
21-09-2020,1824.050049,1900,1810.949951,1831.550049,1814.671753,2220744
22-09-2020,1842.949951,1842.949951,1763,1789.150024,1772.662598,1384803
23-09-2020,1792,1834.849976,1760.150024,1817.800049,1801.048584,1421474
24-09-2020,1824,1974,1795.199951,1947.650024,1929.701904,5742817
25-09-2020,1967.150024,2047,1920.599976,2027.650024,2008.964722,3665739
28-09-2020,2035,2097,1999.099976,2059.899902,2040.917236,2422864
29-09-2020,2059.899902,2114.949951,2055.050049,2085.199951,2065.984375,2160713
30-09-2020,2104,2168,2086.100098,2148.050049,2128.255371,2025626
01-10-2020,2151,2158.949951,2076.5,2089.75,2070.492432,1224430
05-10-2020,2095,2157,2068.100098,2126.75,2107.151611,1594662
06-10-2020,2142.5,2155.850098,2103.800049,2125.800049,2106.210205,903168
07-10-2020,2119.699951,2188.399902,2097,2173.100098,2153.074707,1470503
08-10-2020,2190,2256.899902,2187.850098,2248.649902,2227.928223,1899346
09-10-2020,2244.899902,2314,2236.350098,2277.100098,2256.115967,2181213
12-10-2020,2231,2333,2231,2273.649902,2252.69751,2053057
13-10-2020,2282.25,2292.5,2246.199951,2254.449951,2233.674561,939023
14-10-2020,2265,2273.949951,2210.199951,2227.699951,2207.171387,1405987
15-10-2020,2244,2290,2175,2182.600098,2162.486816,2782519
16-10-2020,2210,2219,2175,2210.550049,2190.179443,1036072
19-10-2020,2224.300049,2241,2186.050049,2212.100098,2191.715088,760641
20-10-2020,2214.800049,2225,2176.100098,2212.25,2191.863525,869774
21-10-2020,2225,2231.449951,2135.699951,2149.5,2129.69165,1473524
22-10-2020,2149.5,2170.75,2092.550049,2101.699951,2082.332031,1391948
23-10-2020,2098.199951,2107.050049,2052.600098,2075,2055.878418,1124706
26-10-2020,2079,2111,2024.150024,2052.300049,2033.387573,1236009
27-10-2020,2079.449951,2147,2034.599976,2118.649902,2099.125732,1429726
28-10-2020,2107.850098,2132.050049,2066,2079.300049,2060.138916,958986
29-10-2020,2077.899902,2100,2061,2085.850098,2066.628418,606805
30-10-2020,2087.949951,2144.75,2077.949951,2119.449951,2099.918701,1071769
02-11-2020,2138.100098,2148.75,2065,2069.300049,2050.230957,637352
03-11-2020,2085,2159.800049,2079.899902,2111.350098,2091.893311,1528660
04-11-2020,2113,2148,2088,2103.600098,2084.214844,725363
05-11-2020,2132.050049,2139.550049,2104.5,2122.600098,2103.039795,466474
06-11-2020,2128,2168.449951,2062.550049,2085.899902,2066.677734,1290149
09-11-2020,2099.800049,2109.5,2029.150024,2084.399902,2065.19165,1534921
10-11-2020,2090,2090,1986,2033.400024,2014.661865,2804380
11-11-2020,2063,2208.75,2050,2195.350098,2175.119141,3735087
12-11-2020,2155,2205.199951,2094,2110.449951,2091.001465,2435538
13-11-2020,2121.050049,2314,2111.5,2265.800049,2244.92041,4605948
14-11-2020,2275,2323.5,2270.050049,2284.649902,2263.596191,325596
17-11-2020,2284,2341.600098,2266.050049,2307.350098,2286.087402,1832334
18-11-2020,2291.149902,2328.600098,2282.300049,2288.699951,2267.609131,1036844
19-11-2020,2288.699951,2415,2277,2299.050049,2277.863525,2584654
20-11-2020,2335,2398.649902,2324.699951,2349.600098,2327.947754,2144949
23-11-2020,2374,2402.850098,2328.5,2375.350098,2353.460693,1693126
24-11-2020,2382.649902,2423.399902,2296.850098,2313.350098,2292.031982,2018323
25-11-2020,2335.5,2355,2236.350098,2241.5,2220.843994,1501778
26-11-2020,2256.449951,2318,2244,2304.350098,2283.114746,1207176
27-11-2020,2314.949951,2375,2298,2347.899902,2326.263428,8998610
01-12-2020,2384,2508.850098,2349.050049,2463,2440.302979,2001392
02-12-2020,2474.699951,2485.050049,2375.449951,2411.550049,2389.327148,1611325
03-12-2020,2501,2501.050049,2371.899902,2389.899902,2367.876221,1745381
04-12-2020,2400,2445,2400,2434.649902,2412.213867,1219317
07-12-2020,2434.649902,2468.550049,2418.050049,2432.699951,2410.282227,778998
08-12-2020,2466,2505,2415.75,2450.449951,2427.868408,1412683
09-12-2020,2505.149902,2520,2433,2442.699951,2420.189941,1650915
10-12-2020,2454.949951,2454.949951,2370,2393.050049,2370.997559,1121002
11-12-2020,2403.600098,2413,2345,2359.899902,2338.153076,1654915
14-12-2020,2375.800049,2390.350098,2347,2356.800049,2335.081543,800654
15-12-2020,2361,2392.600098,2335,2355.199951,2333.496338,1060707
16-12-2020,2369,2411.25,2360,2389.699951,2367.678467,948217
17-12-2020,2395,2423,2380.25,2404.5,2382.341553,1184865
18-12-2020,2405,2428,2367.149902,2387.75,2365.746338,1065060
21-12-2020,2385,2434,2304.699951,2335.449951,2313.928467,1241568
22-12-2020,2340,2425,2251,2408.350098,2386.15625,1249868
23-12-2020,2390,2460.899902,2390,2433.800049,2411.372314,1093766
24-12-2020,2435,2452.850098,2405.300049,2413.050049,2390.813232,543157
28-12-2020,2425.5,2429.449951,2375.5,2388.800049,2366.786621,784636
29-12-2020,2403,2415.600098,2371,2376.5,2354.599854,585199
30-12-2020,2382.850098,2404,2351.199951,2396.350098,2374.26709,569168
31-12-2020,2390.100098,2428,2385,2412.800049,2390.565674,855723
01-01-2021,2405.5,2430,2395,2414.850098,2392.59668,423934
04-01-2021,2418.100098,2429,2398.25,2409.25,2387.048096,527018
05-01-2021,2405,2515.850098,2385.800049,2509.449951,2486.324707,1720467
06-01-2021,2522,2538.850098,2481,2502.149902,2479.092041,1108589
07-01-2021,2502.149902,2564,2500,2508.550049,2485.433105,1014690
08-01-2021,2533.899902,2579,2515.699951,2553.5,2529.968994,862326
11-01-2021,2564.75,2591.850098,2524.5,2550.550049,2527.046143,422296
12-01-2021,2559,2585,2508.199951,2517.25,2494.052734,500012
13-01-2021,2528,2537.75,2437.75,2479.199951,2456.353516,662618
14-01-2021,2481.899902,2528.899902,2475,2512,2488.851318,603193
15-01-2021,2520,2613.699951,2510.100098,2592.350098,2568.460938,1941813
18-01-2021,2599.5,2630.850098,2547.050049,2609.25,2585.205078,1572820
19-01-2021,2618.5,2659,2580,2645.5,2621.12085,1202289
20-01-2021,2645.25,2682.850098,2643.25,2675.800049,2651.141846,1064146
21-01-2021,2675,2685,2574.399902,2585.050049,2561.228027,994932
22-01-2021,2590.050049,2652,2567.100098,2597.899902,2573.959473,1194708
25-01-2021,2610.850098,2708,2610.850098,2686.899902,2662.139404,1764152
27-01-2021,2698,2749.649902,2587.25,2600.399902,2576.436279,1665899
28-01-2021,2594,2699.5,2580.550049,2622.399902,2598.233887,1410605
29-01-2021,2622.600098,2676.5,2551,2561.25,2537.647461,921579
01-02-2021,2590,2676.550049,2528.100098,2663.5,2638.955322,879244
02-02-2021,2679.5,2745,2678,2705.149902,2680.220947,607131
03-02-2021,2714.899902,2808.149902,2704,2720.699951,2695.62793,1286454
04-02-2021,2730,2747.899902,2686,2731.649902,2706.477295,455213
05-02-2021,2740,2783,2687.649902,2738.600098,2713.363037,941316
08-02-2021,2741,2780,2725,2730.25,2705.089844,564043
09-02-2021,2746.5,2836.600098,2738.100098,2789.300049,2763.596191,1052950
10-02-2021,2813.850098,2828,2745.649902,2756.5,2731.098145,745906
11-02-2021,2760,2779.5,2730,2756.5,2731.098145,581642
12-02-2021,2768,2790,2726.100098,2748.100098,2722.775635,693562
15-02-2021,2777,3127,2760.449951,3090.649902,3062.168945,4446974
16-02-2021,3089,3253.550049,3047,3202.75,3173.23584,4381584
17-02-2021,3177,3284,3177,3235,3205.188721,2081001
18-02-2021,3225.5,3237.800049,3094,3106.75,3078.120361,1477343
19-02-2021,3090.100098,3109.25,2896,2919.949951,2893.041992,2037556
22-02-2021,2918.449951,2967.899902,2866.899902,2929.550049,2902.553711,1246303
23-02-2021,2945.199951,3052.5,2937.5,2996.75,2969.134033,1465930
24-02-2021,3015,3120,3000.050049,3059.649902,3031.45459,1088420
25-02-2021,3101,3139.949951,3057.899902,3091.350098,3062.862305,819639
26-02-2021,3070,3173.949951,3020.649902,3058.649902,3030.463623,2103433
01-03-2021,3039.050049,3098,3007.550049,3081.149902,3052.756104,678218
02-03-2021,3105.5,3152,3067.399902,3087.300049,3058.849854,944553
03-03-2021,3115.100098,3119.5,3049.399902,3057,3028.828613,536623
04-03-2021,3058,3081.300049,3017,3042.100098,3014.066162,687383
05-03-2021,3000,3017.75,2870,2879.5,2852.964844,1486110
08-03-2021,2901,2935.850098,2846.75,2866.600098,2840.183594,952087
09-03-2021,2870.5,2926.949951,2826.699951,2886.100098,2859.503906,883183
10-03-2021,2910,2924.949951,2880.75,2904.100098,2877.338135,432551
12-03-2021,2931.100098,3031,2927.5,2976.350098,2948.922607,1512021
15-03-2021,2998,3025,2915,2996.600098,2968.985596,918701
16-03-2021,3002,3080,2990.800049,3073.25,3044.929199,1081398
17-03-2021,3080,3082.300049,2970,2997.399902,2969.777832,740599
18-03-2021,3026,3065,2922,2958.699951,2931.434814,789785
19-03-2021,2954,2982.850098,2887.25,2934.600098,2907.557129,2288304
22-03-2021,2913,2944.25,2875,2905.100098,2878.328613,488626
23-03-2021,2917.899902,2967.800049,2896.850098,2946.75,2919.594971,630061
24-03-2021,2957.850098,2976.850098,2904.050049,2919.600098,2892.695068,627981
25-03-2021,2927,2993,2787.5,2809.350098,2783.460938,1001626
26-03-2021,2840,2905,2819,2851.699951,2825.420898,918204
30-03-2021,2902.5,2970.899902,2875,2925.600098,2898.639893,1420415
31-03-2021,2901,2927.949951,2882.050049,2902.649902,2875.901123,665173
01-04-2021,2886.350098,2913.949951,2843.399902,2894.050049,2867.380859,842489
05-04-2021,2922,3015,2886,2919.5,2892.595947,1241115
06-04-2021,2939,3015,2927.199951,2983.550049,2956.055908,1015604
07-04-2021,2999,3115,2998.75,3097.800049,3069.253174,1240450
08-04-2021,3134.800049,3144.199951,3089.399902,3114.600098,3085.897949,800699
09-04-2021,3147.5,3164.149902,3105.899902,3132.149902,3103.286377,934037
12-04-2021,3119,3119,2979.050049,3004.75,2977.060303,961549
13-04-2021,3032.350098,3061.899902,2951,2980.75,2953.281982,544916
15-04-2021,3037,3038.949951,2902.300049,2993.5,2965.914307,692875
16-04-2021,2999.75,3073,2994,3061,3032.792236,622872
19-04-2021,3038,3243.149902,3005.649902,3157.399902,3128.303467,3552506
20-04-2021,3210,3309,3181.75,3269.649902,3239.519287,2575420
22-04-2021,3269,3334.100098,3217.25,3228.949951,3199.194336,1307224
23-04-2021,3258,3299,3171,3200.050049,3170.560547,1030125
26-04-2021,3230.350098,3253,3152,3174.649902,3145.394531,557667
27-04-2021,3200,3205,3157.800049,3191.050049,3161.643799,505348
28-04-2021,3210,3249,3182.600098,3199.25,3169.767822,575824
29-04-2021,3199.25,3260,3199.25,3238.899902,3209.052979,589707
30-04-2021,3256,3310,3182.800049,3197.5,3168.034424,906562
03-05-2021,3208.800049,3221.800049,3140,3204.300049,3174.771484,728281
04-05-2021,3233.149902,3243.25,3166.399902,3181.25,3151.934082,581864
05-05-2021,3199.800049,3357,3176.149902,3332.899902,3302.186523,1679977
06-05-2021,3357.850098,3385.899902,3300.699951,3347.149902,3316.304932,1124908
07-05-2021,3347.149902,3397,3302,3310.850098,3280.3396,774478
10-05-2021,3315,3342.600098,3261.600098,3323.699951,3293.071533,627199
11-05-2021,3315,3315,3245.25,3258.199951,3228.174805,670759
12-05-2021,3274.899902,3274.899902,3185.600098,3196.75,3167.29126,703372
14-05-2021,3200,3211.75,3095.350098,3140.949951,3112.005127,842794
17-05-2021,3147,3189.949951,3115.100098,3152.350098,3123.300537,847722
18-05-2021,3174,3188.449951,3140,3163.5,3134.347412,639445
19-05-2021,3180.199951,3236.100098,3161.699951,3229.699951,3199.937256,711069
20-05-2021,3245.899902,3272.75,3214,3219.949951,3190.277344,752076
21-05-2021,3246.399902,3259.399902,3225,3247.75,3217.821045,471439
24-05-2021,3248,3285,3240.149902,3261.100098,3231.048096,611909
25-05-2021,3266.25,3267,3170.649902,3199.649902,3170.164063,622276
26-05-2021,3205,3220,3178.100098,3183.600098,3154.262207,260821
27-05-2021,3186.5,3223.600098,3153.600098,3199,3169.520264,1084157
28-05-2021,3199,3207,3140,3149.350098,3120.327881,555829
31-05-2021,3145,3186.300049,3125,3168.75,3139.549072,635444
01-06-2021,3190,3249,3160.850098,3239.800049,3209.94458,706976
02-06-2021,3244.300049,3301,3220,3273.600098,3243.432861,843219
03-06-2021,3271,3435,3267.050049,3425.649902,3394.081787,1098294
04-06-2021,3425.350098,3428.649902,3375,3380.149902,3349.001221,380548
07-06-2021,3380.149902,3380.149902,3308,3315.300049,3284.748779,526855
08-06-2021,3299,3312.5,3255.600098,3289.449951,3259.136963,766456
09-06-2021,3290,3331.600098,3251,3305.899902,3275.435059,587528
10-06-2021,3322.449951,3345,3297.050049,3325.699951,3295.052979,749909
11-06-2021,3342.350098,3346,3301.699951,3336.550049,3305.802979,277612
14-06-2021,3345,3360,3285,3350.199951,3319.326904,317756
15-06-2021,3355,3356.949951,3295,3298.300049,3267.905518,461588
16-06-2021,3310,3325,3278,3294.199951,3263.843018,419575
17-06-2021,3257,3282.949951,3225.199951,3240.600098,3210.737061,356502
18-06-2021,3235,3253,3162.550049,3221.5,3191.812988,520516
21-06-2021,3195,3252,3181,3238,3208.161133,200280
22-06-2021,3238,3302.949951,3230.100098,3258.199951,3228.174805,567861
23-06-2021,3274.949951,3274.949951,3212,3244.800049,3214.898193,504942
24-06-2021,3229.899902,3281.649902,3141.75,3203.25,3173.730957,1754163
25-06-2021,3253.25,3465,3222.25,3439,3407.308594,3717669
28-06-2021,3447.850098,3490,3402.199951,3454.149902,3422.319092,1213113
29-06-2021,3420,3604.949951,3420,3591.149902,3558.056641,2268589
30-06-2021,3617,3659.850098,3582.600098,3619.850098,3586.492188,1291906
01-07-2021,3619.850098,3696.949951,3595,3678.449951,3644.552002,876022
02-07-2021,3701,3744.899902,3667,3733.199951,3698.797607,573795
05-07-2021,3760,3762.949951,3702.699951,3718.100098,3683.836914,444545
06-07-2021,3717.899902,3750.75,3696,3706.25,3672.095947,344090
07-07-2021,3715,3757.800049,3697.600098,3715.600098,3681.359863,466002
08-07-2021,3700,3720,3657,3671.399902,3637.567139,459811
09-07-2021,3673,3744,3673,3725.899902,3691.564697,469932
12-07-2021,3745,3788.800049,3730.100098,3747.399902,3712.866699,464757
13-07-2021,3768,3769.949951,3721,3750.300049,3715.73999,246112
14-07-2021,3754,3775,3708.899902,3754.800049,3720.19873,395272
15-07-2021,3774.850098,3798,3750.550049,3762.350098,3727.678955,399845
16-07-2021,3762.350098,3787,3742.399902,3779.100098,3744.274902,226565
19-07-2021,3779.100098,3919.949951,3765,3883.75,3847.960449,1044561
20-07-2021,3890,3908,3817.300049,3882.949951,3847.167725,357815
22-07-2021,3890,4004,3890,3985.300049,3948.574219,760359
23-07-2021,3985.300049,3999.75,3913,3918.899902,3882.786377,335985
26-07-2021,3937,4158.799805,3930,4100.350098,4062.564209,1982531
27-07-2021,4120.899902,4189.649902,4050.449951,4078.25,4040.667969,859687
28-07-2021,4100,4100,3985.5,4028.399902,3991.2771,455244
29-07-2021,4040,4054.550049,3993.199951,4038.75,4001.531494,449417
30-07-2021,4031,4086.449951,4007.5,4035,3997.81665,627367
02-08-2021,4059.649902,4092.949951,4035.050049,4048.149902,4010.845215,344295
03-08-2021,4090.600098,4225,4064.050049,4092.699951,4054.984619,981680
04-08-2021,4110.799805,4128.600098,4052.649902,4066.399902,4028.927246,305863
05-08-2021,4084.800049,4111.700195,4036,4073.75,4036.209229,270458
06-08-2021,4089.800049,4178.049805,4073.199951,4088.050049,4050.377686,717143
09-08-2021,4109,4111,3990,4003.699951,3966.804443,431991
10-08-2021,4024,4086.800049,4000,4062.800049,4025.360107,364246
11-08-2021,4065,4083.149902,3915,4026.350098,3989.246338,831738
12-08-2021,4027,4142.950195,3975.350098,4133.100098,4095.012695,556973
13-08-2021,4144.950195,4145.75,4038.199951,4064.100098,4026.648438,553736
16-08-2021,4146,4374.5,4125.149902,4345.100098,4305.059082,3709012
17-08-2021,4345,4974,4332.25,4920.5,4875.15625,8069431
18-08-2021,4850,4963,4762.049805,4787.899902,4746.672363,2941548
20-08-2021,4719,4934.700195,4697.200195,4746.5,4705.628906,2331020
23-08-2021,4780,4839.649902,4720.200195,4743.25,4702.406738,699991
24-08-2021,4820,4888.950195,4750.649902,4840.75,4799.066895,1576663
25-08-2021,4865,4880,4750,4771.649902,4730.5625,469002
26-08-2021,4776.450195,4780,4646.399902,4700.399902,4659.925781,800419
27-08-2021,4717.100098,4832,4676.350098,4765.100098,4724.068848,937887
30-08-2021,4790.200195,4828,4721.600098,4757.549805,4716.583008,632354
31-08-2021,4766.100098,5046,4766.100098,4969.549805,4926.758301,2883159
01-09-2021,4985,5071.799805,4945.299805,5039.049805,4995.65918,841956
02-09-2021,5039.049805,5122,5013,5043.5,5000.071289,900686
03-09-2021,5054,5073.299805,4967,5014.549805,4971.370117,567961
06-09-2021,5029,5040,4972,4995.5,4952.484863,439776
07-09-2021,5020.399902,5023,4860,4877.049805,4835.054199,479021
08-09-2021,4900,4901.450195,4792.100098,4811.399902,4769.970215,642506
09-09-2021,4815.700195,4820,4685,4719.549805,4678.910645,838279
13-09-2021,4735,4796,4681.350098,4745.850098,4704.984863,1151299
14-09-2021,4773,4773,4696.700195,4732.450195,4691.699707,528943
15-09-2021,4750,4819.200195,4686.549805,4792.049805,4750.786133,659281
16-09-2021,4819,4890,4792.049805,4880.75,4838.722656,779552
17-09-2021,4875,4945.5,4864.450195,4908.25,4865.98584,814867
20-09-2021,4864,4952.549805,4781.700195,4878.100098,4836.095215,434640
21-09-2021,4858,4918.950195,4790.149902,4891.600098,4849.479492,462221
22-09-2021,4925,5010,4869.899902,4904.899902,4862.664551,562041
23-09-2021,4931.399902,5134,4905,5084.200195,5040.421387,696944
24-09-2021,5156.100098,5198,4711.549805,4731.799805,4691.055176,1949974
27-09-2021,4748.799805,4771,4464.100098,4565.549805,4526.237305,1885178
28-09-2021,4580,4629.899902,4376,4411.049805,4373.067383,1051440
29-09-2021,4420,4507.100098,4400,4423.5,4385.410645,571896
30-09-2021,4445,4500.649902,4383.649902,4481.600098,4443.009766,808446
01-10-2021,4481.600098,4520,4435,4459.399902,4421.000488,534563
04-10-2021,4459.899902,4565,4440.850098,4548.25,4509.085449,535335
05-10-2021,4571,4576.850098,4469.049805,4482.399902,4443.803223,425555
06-10-2021,4495,4509,4356,4378.75,4341.044922,480575
07-10-2021,4410,4468,4381,4428.299805,4390.168457,276775
08-10-2021,4459,4459,4365.600098,4379.25,4341.541016,269607
11-10-2021,4401.100098,4422.950195,4360,4377.149902,4339.458984,331320
12-10-2021,4349,4407.049805,4293.299805,4351.299805,4313.832031,612692
13-10-2021,4385,4409,4340,4377.5,4339.806152,302343
14-10-2021,4403.950195,4429.75,4312.350098,4328.399902,4291.128418,436160
18-10-2021,4449,4449,4321.649902,4330.399902,4293.111328,345049
19-10-2021,4352,4387.649902,4226.649902,4301.049805,4264.01416,285362
20-10-2021,4301.049805,4317.350098,4135,4146.75,4111.043457,510321
21-10-2021,4187,4234.899902,4075.25,4134.850098,4099.245117,698306
22-10-2021,4155.5,4189.450195,4002.350098,4028.399902,3993.711914,347114
25-10-2021,4045.399902,4250.899902,3955,4164,4128.144531,1151030
26-10-2021,4164,4308.5,4135.549805,4267.950195,4231.199707,790450
27-10-2021,4278.799805,4325.100098,4215.149902,4276.549805,4239.725586,623848
28-10-2021,4277.799805,4314,4225,4289.5,4252.564453,537955
29-10-2021,4289.5,4349,4161.049805,4262.049805,4225.350098,705546
01-11-2021,4281.200195,4350,4258,4336.600098,4299.257813,239375
02-11-2021,4340,4395,4270.549805,4289.899902,4252.960449,389193
03-11-2021,4317,4449.950195,4300.049805,4438.600098,4400.380371,667752
04-11-2021,4448,4478,4419.850098,4438.549805,4400.330078,69818
08-11-2021,4438.600098,4475,4378,4405.350098,4367.416016,285968
09-11-2021,4454,4555.549805,4420,4532.899902,4493.868164,547476
10-11-2021,4522.100098,4584,4480,4552.850098,4513.645996,359967
11-11-2021,4545.100098,4728.100098,4527.049805,4567.25,4527.921875,1110123
12-11-2021,4612.899902,4688,4571.149902,4669.5,4629.291992,423439
15-11-2021,4800.799805,5147.549805,4800.799805,5080.950195,5037.199219,3044498
16-11-2021,5080,5205,5040,5096.850098,5052.961914,1118231
17-11-2021,5080,5844.399902,5075.149902,5733.950195,5684.57666,6482125
18-11-2021,5733.950195,5843.799805,5546.149902,5588.600098,5540.477539,2165157
22-11-2021,5597,5640,5313,5419.5,5372.833984,1204625
23-11-2021,5374.5,5540,5350,5454.25,5407.285156,763056
24-11-2021,5466,5481.450195,5305.100098,5397.200195,5350.726074,697909
25-11-2021,5400,5750,5325.049805,5701.049805,5651.959473,1575738
26-11-2021,5709,5935.399902,5627.450195,5687.600098,5638.625977,2613669
29-11-2021,5770,5858,5550,5727.5,5678.181152,1189390
30-11-2021,5755,5829.950195,5629.600098,5687.75,5638.773438,1352746
01-12-2021,5718.700195,5765,5531.700195,5571,5523.029297,835169
02-12-2021,5625.75,5809,5578.850098,5592.950195,5544.790039,1236317
03-12-2021,5592.950195,5654.649902,5420,5432.399902,5385.623047,844674
06-12-2021,5467,5468,5276.049805,5299.799805,5254.164551,489242
07-12-2021,5299.799805,5435.25,5235.950195,5314.649902,5268.886719,595254
08-12-2021,5313,5367,5278,5333.5,5287.574219,557196
09-12-2021,5370,5386,5211,5232.799805,5187.741211,689987
10-12-2021,5265,5328.399902,5230.5,5245.299805,5200.133789,416165
13-12-2021,5286.700195,5329,5175,5206.700195,5161.866699,480443
14-12-2021,5126,5250,5065.049805,5212,5167.120117,1007056
15-12-2021,5230,5269.899902,5170.049805,5192.549805,5147.838379,377883
16-12-2021,5229.950195,5242,5143,5204.299805,5159.486328,265216
17-12-2021,5200,5200,4730,4786.700195,4745.48291,1133941
20-12-2021,4780,4824,4643.149902,4704.950195,4664.436523,994682
21-12-2021,4760,4870,4695.049805,4847.600098,4805.858398,1004676
22-12-2021,4900.200195,4900.25,4750,4775.549805,4734.427734,779992
23-12-2021,4803,4899,4786.549805,4877.549805,4835.549316,582129
24-12-2021,4880,4905.950195,4823.75,4842.5,4800.802246,348742
27-12-2021,4854.350098,4860,4755,4840.049805,4798.373047,315490
28-12-2021,4854.799805,4894,4810.200195,4844.200195,4802.487793,348173
29-12-2021,4865,4991.299805,4833,4976.600098,4933.748047,861183
30-12-2021,4999.950195,5009.649902,4940,4970.75,4927.947754,617460
31-12-2021,4980,5056.799805,4953,5013.399902,4970.230469,504012
03-01-2022,5038.450195,5068,4978.850098,4990.5,4947.527832,310798
04-01-2022,5015,5028.899902,4921.100098,4964.600098,4921.851074,369814
05-01-2022,4962,5138.649902,4922,4973.25,4930.42627,966342
06-01-2022,4970,5038,4905,4964.450195,4921.702148,585391
07-01-2022,4960,5059.100098,4958,5021.850098,4978.608398,549876
10-01-2022,5021.850098,5085,4963,5065.25,5021.634277,542304
11-01-2022,5050,5141.5,5020.299805,5059.049805,5015.487305,742409
12-01-2022,5075,5099,5005.649902,5014.399902,4971.22168,360219
13-01-2022,5024.899902,5051,4953.149902,4983.350098,4940.439453,457570
14-01-2022,4997.899902,5015,4930,4974.049805,4931.219238,207639
17-01-2022,4974,4984.700195,4900,4911.75,4869.456055,337077
18-01-2022,4900,4909.899902,4505,4615.799805,4576.053711,3507266
19-01-2022,4615,4615,4400,4515.950195,4477.063965,2404880
20-01-2022,4525,4725,4490,4644.799805,4604.804199,2747887
21-01-2022,4649.950195,4733.75,4544.850098,4691.649902,4651.250977,1008450
24-01-2022,4690,4710.799805,4462.25,4498.149902,4459.41748,737762
25-01-2022,4415,4535,4250.100098,4486,4447.371582,917284
27-01-2022,4427,4427,4150,4292.25,4255.290039,1244330
28-01-2022,4346,4565,4335.25,4478.600098,4440.036133,932049
31-01-2022,4584,4584,4358.049805,4457.350098,4418.96875,934551
01-02-2022,4478.799805,4532.25,4444,4512.049805,4473.197754,548762
02-02-2022,4530,4683,4520.649902,4666.299805,4626.119629,676206
03-02-2022,4667.950195,4704.75,4602.799805,4642.799805,4602.821289,777217
04-02-2022,4640,4794,4601.75,4687.899902,4647.533691,829635
07-02-2022,4687.399902,4724.549805,4450.049805,4475.149902,4436.615234,597040
08-02-2022,4497.5,4529.700195,4380,4399.5,4361.616211,628869
09-02-2022,4514.700195,4587,4430.049805,4577.25,4537.835938,842211
10-02-2022,4576.049805,4623,4528.100098,4590.649902,4551.120605,487802
11-02-2022,4610,4613.450195,4476.450195,4514.899902,4476.022949,572726
14-02-2022,4479.100098,4678,4402.75,4486.350098,4447.719238,1094132
15-02-2022,4530,4675,4501.899902,4663.399902,4623.244629,791080
16-02-2022,4695,4724,4555.049805,4584.799805,4545.320313,584166
17-02-2022,4584,4667.5,4550,4564.700195,4525.394043,520450
18-02-2022,4504,4592.799805,4462.549805,4471.549805,4433.046387,388145
21-02-2022,4471,4524.950195,4390.649902,4426.649902,4388.532715,392246
22-02-2022,4327,4605.549805,4300,4576.049805,4536.645996,833525
23-02-2022,4595,4735,4590.5,4610.799805,4571.097656,755051
24-02-2022,4425,4535,4351.049805,4381.950195,4344.218262,814710
25-02-2022,4570,4747.600098,4465.75,4633.450195,4593.552734,1187316
28-02-2022,4615,4826,4571.200195,4802.799805,4761.443848,1617666
02-03-2022,4827,4903.950195,4780.200195,4861.25,4819.390625,1194676
03-03-2022,4880,4969,4875.049805,4917.799805,4875.453613,930907
04-03-2022,4880,4889.399902,4732.200195,4747.25,4706.372559,738388
07-03-2022,4620,4732.799805,4583.850098,4664.350098,4624.185547,643012
08-03-2022,4660,4740,4595.399902,4722.25,4681.587402,670238
09-03-2022,4779,4814.899902,4694,4710.950195,4670.385254,447387
10-03-2022,4805.600098,4819,4745,4769.700195,4728.629395,363906
11-03-2022,4748,4863,4735.25,4854.100098,4812.302734,436703
14-03-2022,4890,5016.549805,4864.049805,4923.5,4881.104004,626924
15-03-2022,4949.950195,4999,4700,4812.950195,4771.507324,686998
16-03-2022,4893.600098,4957.149902,4832.200195,4943.649902,4901.080566,477521
17-03-2022,4947,4998,4824.899902,4839.899902,4798.224609,852493
21-03-2022,4875,4914.899902,4755.049805,4767.399902,4726.348633,509842
22-03-2022,4798,4828,4471.850098,4677.600098,4637.322266,1255679
23-03-2022,4697.5,4716.049805,4595.600098,4608.200195,4568.519531,896055
24-03-2022,4599.950195,4685,4558.600098,4628.549805,4588.693848,719101
25-03-2022,4670,4764,4622.399902,4683.200195,4642.874023,968364
28-03-2022,4712.799805,4720,4600.049805,4658.600098,4618.48584,524802
29-03-2022,4685.899902,4697.5,4599.049805,4613.75,4574.021973,778391
30-03-2022,4677,4693.700195,4579.649902,4614.799805,4575.0625,4839707
31-03-2022,4625,4634.700195,4500.850098,4516.100098,4477.212891,1225845
01-04-2022,4558,4558,4455.100098,4506.899902,4468.091797,827880
04-04-2022,4557,4583.299805,4499,4564.950195,4525.642578,619577
05-04-2022,4605,4605,4542.149902,4554.25,4515.03418,487075
06-04-2022,4567,4609,4498.149902,4511.75,4472.899902,653418
07-04-2022,4531,4583.700195,4490,4536.5,4497.437012,413722
08-04-2022,4574,4628.5,4514,4606.149902,4566.487793,685882
11-04-2022,4607,4686.649902,4575.5,4662.149902,4622.004883,652187
12-04-2022,4669,4682,4594.549805,4626.299805,4586.463379,574409
13-04-2022,4629,4764,4629,4744.450195,4703.596191,812061
18-04-2022,4724.5,4744.450195,4518,4554.5,4515.281738,579482
19-04-2022,4594,4870,4583.399902,4816.350098,4774.877441,1713344
20-04-2022,4806,4850,4731.399902,4780.950195,4739.781738,777140
21-04-2022,4840,4903.649902,4770.100098,4885.25,4843.183594,771623
22-04-2022,4849.950195,4860,4788,4813.700195,4772.250488,381911
25-04-2022,4765.600098,4765.600098,4608.350098,4676.049805,4635.785156,421185
26-04-2022,4733,4741,4601,4624.049805,4584.23291,548203
27-04-2022,4620,4658.950195,4500,4522.950195,4484.004395,476441
28-04-2022,4580,4603,4505.049805,4537.850098,4498.775391,552600
29-04-2022,4545,4596,4431,4454.350098,4415.994629,465103
02-05-2022,4440,4440,4290,4304.75,4267.682617,568610
04-05-2022,4302.5,4325.350098,3996.050049,4013.300049,3978.742188,1729814
05-05-2022,4042,4054.149902,3930,3949.100098,3915.094971,1122769
06-05-2022,3898.649902,3898.649902,3791.050049,3827.350098,3794.393555,891448
09-05-2022,3805,3807.949951,3739.649902,3766.350098,3733.919189,521295
10-05-2022,3770,3782.699951,3661.800049,3686.899902,3655.152344,836241
11-05-2022,3709.899902,3734.899902,3619.649902,3679.649902,3647.965088,524764
12-05-2022,3650,3650,3541.449951,3580.850098,3550.015869,717916
13-05-2022,3601.899902,3712.899902,3530,3547.800049,3517.250488,957908
16-05-2022,3581,3707.899902,3553.050049,3686.75,3655.003906,600622
17-05-2022,3712,3832.949951,3678.050049,3813.149902,3780.31543,843357
18-05-2022,3822,3842,3725,3735,3702.838867,427461
19-05-2022,3609.600098,3717.850098,3609.600098,3631.800049,3600.527344,572640
20-05-2022,3695,3695,3586,3668,3636.415527,692428
23-05-2022,3668,3764.649902,3666,3716.949951,3684.944336,401917
24-05-2022,3740,3740,3613.5,3631.649902,3600.378906,471324
25-05-2022,3650.25,3673.949951,3486.149902,3524.300049,3493.952637,370431
26-05-2022,3386,3709,3361.550049,3662.800049,3631.260498,1730687
27-05-2022,3700,3880,3573,3861.75,3828.49707,1733752
30-05-2022,3890,3915.550049,3820.449951,3891.949951,3858.437256,666686
31-05-2022,3855,3999.800049,3839.050049,3979.300049,3945.034912,1361696
01-06-2022,3939.550049,3989.75,3790.050049,3839,3805.943115,794887
02-06-2022,3845,3845,3623.75,3645.25,3613.861328,1891062
03-06-2022,3689,3693.949951,3546.350098,3588.800049,3557.897705,1305662
06-06-2022,3580.100098,3649.899902,3542.100098,3633.699951,3602.410645,561188
07-06-2022,3633.699951,3633.699951,3525,3609.300049,3578.221191,490554
08-06-2022,3600,3645,3557,3636.199951,3604.889404,342056
09-06-2022,3624.800049,3680.649902,3561,3670.050049,3638.447998,483671
10-06-2022,3620.5,3715,3595.5,3700.5,3668.635742,624657
13-06-2022,3649,3678.050049,3592,3651.899902,3620.453857,523342
14-06-2022,3628.199951,3757.850098,3622.75,3706.199951,3674.286621,655865
15-06-2022,3737.949951,3756.100098,3645.899902,3722.699951,3690.644775,466405
16-06-2022,3745,3775,3647,3663.649902,3632.102783,678602
17-06-2022,3600,3724,3556.100098,3701.25,3669.37915,768620
20-06-2022,3700,3825,3682.899902,3811.699951,3778.878174,673219
21-06-2022,3849.949951,3869,3794.050049,3808.199951,3775.408203,596024
22-06-2022,3789.050049,3807.75,3713.25,3787.75,3755.134033,359601
23-06-2022,3761.800049,3857,3723.149902,3850.5,3817.343994,646244
24-06-2022,3902,3922,3762,3838.399902,3805.3479,1024811
27-06-2022,3849,3870,3775,3794.5,3761.826172,708737
28-06-2022,3759.050049,3846.649902,3722.899902,3837.350098,3804.307373,463753
29-06-2022,3767.199951,3817.949951,3695,3713,3681.028076,567477
30-06-2022,3714,3765.5,3656.399902,3683.5,3651.782227,534241
01-07-2022,3680,3745,3635.199951,3736.149902,3703.978516,316894
04-07-2022,3732,3782.800049,3700.050049,3770.100098,3737.636475,300790
05-07-2022,3761,3874.75,3761,3817.399902,3784.529053,468762
06-07-2022,3809.100098,3889.550049,3783.5,3883.5,3850.059814,390568
07-07-2022,3894.050049,3930,3868.25,3915.25,3881.536377,398354
08-07-2022,3918,3946,3910,3936.149902,3902.256348,268377
11-07-2022,3935,3968.149902,3895.050049,3933.25,3899.381348,199806
12-07-2022,3900,4098.700195,3900,3929.699951,3895.861816,1125104
13-07-2022,3951.149902,3958.949951,3861.199951,3868.300049,3834.990967,385514
14-07-2022,3927,3979.300049,3880.050049,3898.050049,3864.484619,656393
15-07-2022,3898.050049,3944,3875,3931.699951,3897.844971,318645
18-07-2022,3940.100098,3970.800049,3890.149902,3947.100098,3913.112549,291155
19-07-2022,3944.399902,4032.949951,3923.399902,4020.199951,3985.582764,412946
20-07-2022,4090,4141.700195,4030.050049,4110.25,4074.857422,753440
21-07-2022,4112,4169.850098,4096.350098,4150.049805,4114.314941,542974
22-07-2022,4150.200195,4169.600098,4089.949951,4125.299805,4089.777588,378496
25-07-2022,4144,4252.899902,4138.049805,4189.899902,4153.821289,1127478
26-07-2022,4185,4188.950195,4088,4110.200195,4074.807861,363638
27-07-2022,4112,4136.950195,4022,4125.600098,4090.075195,440198
28-07-2022,4149,4206,4135,4190.5,4154.416016,364711
29-07-2022,4206,4252.799805,4187,4212.299805,4176.02832,333278
01-08-2022,4240,4293.75,4190,4288.100098,4251.17627,311325
02-08-2022,4311,4348.25,4270.950195,4325.899902,4288.649902,440869
03-08-2022,4325.950195,4386.75,4280.100098,4310.049805,4272.936523,367949
04-08-2022,4322.950195,4409,4310,4395.799805,4357.94873,358472
05-08-2022,4395.799805,4422,4335,4374.100098,4336.436035,207510
08-08-2022,4388.950195,4474.549805,4380.049805,4427.350098,4389.227051,445755
10-08-2022,4438.899902,4625.950195,4397.100098,4517.149902,4478.253418,867000
11-08-2022,4539.600098,4552.5,4418,4429.649902,4391.507324,446510
12-08-2022,4350.049805,4394.799805,4276.100098,4312.75,4275.613281,1412625
16-08-2022,4350,4381.549805,4206.899902,4349.399902,4311.948242,596342
17-08-2022,4349,4370.049805,4285.850098,4305.75,4268.673828,502434
18-08-2022,4315,4338.600098,4250,4266.649902,4241.485352,580509
19-08-2022,4291,4309.450195,4120,4135.350098,4110.959961,719126
22-08-2022,4133,4133,3995.600098,4024.899902,4001.161133,723542
23-08-2022,4024.800049,4093.449951,3987.850098,4070.949951,4046.939453,497236
24-08-2022,4079,4220,4077.949951,4210.75,4185.914551,956039
25-08-2022,4215,4239.850098,4156.700195,4168.799805,4144.211914,414795
26-08-2022,4207,4235.75,4156.200195,4215.25,4190.388184,342452
29-08-2022,4100,4272,4086,4251.5,4226.424316,914112
30-08-2022,4251.5,4337.5,4233.200195,4322.899902,4297.40332,848217
01-09-2022,4298,4328.950195,4244,4277.149902,4251.92334,390072
02-09-2022,4309.799805,4398,4284,4312.350098,4286.915527,735146
05-09-2022,4282,4308.600098,4233,4282.549805,4257.291504,522750
06-09-2022,4298.899902,4422,4291.75,4415.5,4389.45752,1078704
07-09-2022,4379.200195,4410,4335,4376.5,4350.6875,396347
08-09-2022,4400,4444.899902,4361,4414.799805,4388.76123,562760
09-09-2022,4436.899902,4474.899902,4415,4460.350098,4434.042969,476210
12-09-2022,4473,4501.799805,4447.049805,4481.600098,4455.167969,331303
13-09-2022,4520,4520,4466.299805,4490.100098,4463.617188,309270
14-09-2022,4405.350098,4480,4405.350098,4427.600098,4401.48584,362669
15-09-2022,4449.75,4459.149902,4328.049805,4341.850098,4316.241699,427750
16-09-2022,4342,4363.299805,4257,4279.75,4254.507813,458526
19-09-2022,4295.899902,4331,4226.700195,4308.200195,4282.790039,266140
20-09-2022,4316.5,4595,4316.5,4559.350098,4532.458984,1173769
21-09-2022,4556,4668.5,4556,4604.799805,4577.640625,1177984
22-09-2022,4569.549805,4631.200195,4522.200195,4608.899902,4581.716797,511789
23-09-2022,4610,4719,4382.850098,4418.450195,4392.390137,1205497
26-09-2022,4418.450195,4420.450195,4191.100098,4282.700195,4257.440918,843901
27-09-2022,4335,4354.100098,4205,4242.950195,4217.925293,651304
28-09-2022,4229,4295,4183.100098,4268.950195,4243.771484,395837
29-09-2022,4297.450195,4404.649902,4284.950195,4391.700195,4365.797852,631907
30-09-2022,4352.200195,4484.899902,4352.200195,4383.399902,4357.546875,761064
03-10-2022,4385,4490,4350.950195,4365.200195,4339.454102,454169
04-10-2022,4430,4444.549805,4365.200195,4404.399902,4378.422852,307009
06-10-2022,4426.450195,4450,4361.299805,4390.5,4364.60498,272050
07-10-2022,4379.600098,4433,4353.549805,4394.100098,4368.183105,501530
10-10-2022,4375,4420,4295,4340.600098,4314.998535,207878
11-10-2022,4362.350098,4362.350098,4263.649902,4275.549805,4250.33252,258216
12-10-2022,4280,4350,4245,4287.049805,4261.765137,621343
13-10-2022,4270.100098,4317.950195,4236,4266.049805,4240.888184,277038
14-10-2022,4301,4324,4264.049805,4297.149902,4271.805176,254366
17-10-2022,4290,4300.549805,4221.049805,4290.850098,4265.54248,254734
18-10-2022,4325,4377,4258,4366,4340.249512,387469
19-10-2022,4380,4405.899902,4341.100098,4388.75,4362.865234,249672
20-10-2022,4384,4393.299805,4295.200195,4322.5,4297.005859,370651
21-10-2022,4344.149902,4430,4322.700195,4389.049805,4363.163086,364601
24-10-2022,4410.200195,4435,4320,4410.149902,4384.138672,30919
25-10-2022,4437.799805,4449.899902,4372,4404.049805,4378.074707,474364
27-10-2022,4445,4499,4402.850098,4431.850098,4405.710449,421237
28-10-2022,4454.25,4584,4415,4567,4540.063965,691801
31-10-2022,4582.100098,4625,4491.5,4517.5,4490.855957,433481
01-11-2022,4577,4647,4470,4511.350098,4484.742188,866656
02-11-2022,4512,4532.799805,4370,4383.100098,4357.248535,643118
03-11-2022,4370,4425,4349.350098,4395,4369.078125,457168
04-11-2022,4410,4410,4340.049805,4362.600098,4336.869629,669679
07-11-2022,4384.450195,4420,4336.450195,4363.799805,4338.0625,356178
09-11-2022,4347,4435,4344,4361.200195,4335.477539,378028
10-11-2022,4374.5,4377.450195,4250,4285.450195,4260.174805,527721
11-11-2022,4386,4540,4330.049805,4421.399902,4395.322754,1685313
14-11-2022,4430,4568,4425.200195,4556.700195,4529.824707,886587
15-11-2022,4560,4629,4527,4611.950195,4584.748535,492794
16-11-2022,4605,4610,4461,4479.25,4452.831055,499585
17-11-2022,4490,4515.950195,4370.700195,4400.299805,4374.34668,430622
18-11-2022,4430,4449,4320,4399.149902,4373.203613,385705
21-11-2022,4403.950195,4440,4341,4418.850098,4392.787109,336664
22-11-2022,4420.950195,4480,4380,4469.799805,4443.436523,310657
23-11-2022,4482.299805,4616.149902,4448,4605.200195,4578.038574,799422
24-11-2022,4630,4833,4614,4815.049805,4786.650879,1822610
25-11-2022,4815,4885,4751.049805,4789.450195,4761.20166,1069669
28-11-2022,4761,4768.850098,4683.25,4721.850098,4694.000488,598162
29-11-2022,4725,4842,4707.649902,4719.200195,4691.366211,910558
30-11-2022,4719.200195,4760.100098,4642.600098,4726.399902,4698.523438,1113421
01-12-2022,4765,4794,4701.049805,4775.700195,4747.533203,611403
02-12-2022,4771,4882.950195,4743.049805,4871.450195,4842.718262,996306
05-12-2022,4885,4901.950195,4766.950195,4778.350098,4750.16748,684834
06-12-2022,4770.350098,4800,4715,4788.049805,4759.80957,354855
07-12-2022,4804.700195,4815,4710.899902,4727.399902,4699.517578,354913
08-12-2022,4738,4777.850098,4681.399902,4704.5,4676.75293,336491
09-12-2022,4728,4735.950195,4675.25,4685.100098,4657.467285,271785
12-12-2022,4677,4756,4630,4742.299805,4714.330078,445259
13-12-2022,4746,4761.350098,4661.299805,4678.850098,4651.253906,363818
14-12-2022,4712,4712,4656.600098,4666.149902,4638.629395,356293
15-12-2022,4679.950195,4686.600098,4627.649902,4642.899902,4615.515625,316614
16-12-2022,4638,4638,4551.700195,4565.149902,4538.224609,342890
19-12-2022,4600,4620,4521.049805,4610.450195,4583.257324,308464
20-12-2022,4610.350098,4616.450195,4540.25,4596.649902,4569.538086,282355
21-12-2022,4610.799805,4788.450195,4602.200195,4766.200195,4738.089355,877375
22-12-2022,4795,4848.799805,4725,4781.700195,4753.49707,902304
23-12-2022,4765.700195,4805,4686.350098,4700.149902,4672.428711,473498
26-12-2022,4723.700195,4740,4652.5,4684.049805,4656.42334,247357
27-12-2022,4685,4712.700195,4625.649902,4643.799805,4616.411133,226485
28-12-2022,4652,4679.600098,4582,4588.649902,4561.585938,313366
29-12-2022,4588.649902,4610,4478.5,4524.450195,4497.764648,530411
30-12-2022,4550,4582.450195,4468.100098,4477.600098,4451.190918,348965
02-01-2023,4488,4516.700195,4446,4454.350098,4428.078613,246577
03-01-2023,4467,4508.950195,4425.100098,4490.899902,4464.412598,430096
04-01-2023,4495,4514.100098,4425,4433.299805,4407.151855,414977
05-01-2023,4455.5,4455.5,4356,4429.049805,4402.927246,468816
06-01-2023,4442.049805,4474.299805,4369,4387.450195,4361.573242,299640
09-01-2023,4424.350098,4452.149902,4381.049805,4407.700195,4381.703613,407803
10-01-2023,4410,4489,4406,4466.649902,4440.305176,557940
11-01-2023,4474,4482.450195,4336.049805,4360.600098,4334.881348,462687
12-01-2023,4370.950195,4382.399902,4325.25,4359.75,4334.036133,207917
13-01-2023,4365,4370,4268.049805,4335.549805,4309.978516,366497
16-01-2023,4364.25,4364.25,4285,4294.649902,4269.320313,210854
17-01-2023,4316.200195,4336.450195,4275,4322.850098,4297.354004,294500
18-01-2023,4337,4352,4305,4339.799805,4314.203613,331806
19-01-2023,4339.799805,4339.799805,4285.649902,4318.149902,4292.681641,162244
20-01-2023,4302,4322.450195,4264.200195,4285.25,4259.976074,242706
23-01-2023,4294.399902,4353.5,4286.899902,4335.450195,4309.879883,161350
24-01-2023,4349.950195,4349.950195,4290.799805,4305,4279.608887,178860
25-01-2023,4314.950195,4318,4194,4224.350098,4199.43457,423714
27-01-2023,4228,4285.350098,4192.100098,4244.149902,4219.118164,421866
30-01-2023,4236.5,4260,4123,4237.700195,4212.706543,623069
31-01-2023,4239.5,4303.75,4127.049805,4255.899902,4230.79834,671038
01-02-2023,4275,4352,4211.5,4262.649902,4237.509277,321331
02-02-2023,4262,4262,4170,4231.5,4206.54248,479256
03-02-2023,4245,4259.799805,4158,4251.600098,4226.523926,413966
06-02-2023,4211,4335.649902,4189.649902,4320.700195,4295.216797,257669
07-02-2023,4305,4360,4271.350098,4315.600098,4290.146484,319090
08-02-2023,4320,4404.299805,4302.549805,4391.25,4365.350098,250175
09-02-2023,4347.350098,4404.450195,4325,4389.299805,4363.411621,284239
10-02-2023,4385.399902,4425.299805,4350.25,4416.25,4390.202637,359807
13-02-2023,4430.399902,4439.600098,4328,4358.649902,4332.942383,272935
14-02-2023,4380.450195,4380.450195,4251.049805,4268.850098,4243.672363,339582
15-02-2023,4170,4514,4170,4487.899902,4461.429688,2724361
16-02-2023,4509.950195,4668,4500.149902,4643.149902,4615.76416,1419679
17-02-2023,4640.149902,4668.950195,4576,4614.700195,4587.482422,408098
20-02-2023,4593,4649.950195,4575.350098,4610.600098,4583.406738,232327
21-02-2023,4611,4640,4491,4502.049805,4475.496094,490637
22-02-2023,4505,4535.950195,4440,4449.100098,4422.859375,333978
23-02-2023,4471.350098,4518.299805,4401,4448.049805,4421.814941,443522
24-02-2023,4455.049805,4486,4396.899902,4470.649902,4450.284668,358946
27-02-2023,4485,4494.75,4415.049805,4439.75,4419.525879,215703
28-02-2023,4449,4473.399902,4361.299805,4401.649902,4381.599121,312308
01-03-2023,4401.649902,4446,4337.25,4413.799805,4393.693848,287008
02-03-2023,4429,4450.200195,4381.350098,4402.200195,4382.146973,313250
03-03-2023,4416.75,4445,4393.899902,4408.299805,4388.21875,168868
06-03-2023,4416,4488.899902,4412.049805,4421.100098,4400.960938,242661
08-03-2023,4414.899902,4441.200195,4360,4376.049805,4356.115723,246734
09-03-2023,4399,4538.25,4385.149902,4418.149902,4398.024414,684685
10-03-2023,4399.700195,4399.700195,4291.649902,4317.25,4297.583496,328154
13-03-2023,4327,4435.950195,4322,4345,4325.207031,496455
14-03-2023,4345,4354.75,4275,4299.600098,4280.01416,279237
15-03-2023,4334.75,4367.950195,4309.299805,4328.799805,4309.080566,279479
16-03-2023,4330.950195,4370,4266,4319.049805,4299.375488,300181
17-03-2023,4340,4376.200195,4296.700195,4346.5,4326.700684,368653
20-03-2023,4322,4353.899902,4195,4313,4293.353027,563835
21-03-2023,4320,4353.899902,4266,4274,4254.530762,239304
22-03-2023,4275.049805,4295,4211.100098,4285.100098,4265.580078,302705
23-03-2023,4276,4299.350098,4243.549805,4273.049805,4253.585449,233054
24-03-2023,4277.5,4354.649902,4261,4283.350098,4263.838867,354933
27-03-2023,4304.700195,4407.899902,4277,4318.100098,4298.430176,495895
28-03-2023,4334.799805,4343.5,4245.049805,4333.600098,4313.859375,343628
29-03-2023,4333.600098,4380,4311.100098,4363,4343.125488,250790
31-03-2023,4384.850098,4400.950195,4299.950195,4310.899902,4291.262695,465663
03-04-2023,4343.5,4343.950195,4220.149902,4234.350098,4215.061523,493574
05-04-2023,4250,4250,4168,4200.950195,4181.813477,622533
06-04-2023,4217,4225,4183.149902,4201.950195,4182.809082,286725
10-04-2023,4215,4243.649902,4187.299805,4237,4217.699219,323560
11-04-2023,4263,4286.799805,4221.149902,4271.299805,4251.842773,284178
12-04-2023,4287.700195,4328.950195,4266.5,4320.200195,4300.520508,304498
13-04-2023,4329,4481.100098,4320.299805,4398.299805,4378.264648,1257056
17-04-2023,4410,4448.399902,4340,4386.700195,4366.717773,334963
18-04-2023,4380,4384.100098,4293.899902,4338.649902,4318.88623,409038
19-04-2023,4355,4355,4221.549805,4320.299805,4300.620117,517278
20-04-2023,4320.299805,4358.850098,4233.149902,4348.399902,4328.591797,484517
21-04-2023,4340,4428,4318.450195,4361.299805,4341.432617,485292
24-04-2023,4362.299805,4462.200195,4362.299805,4399.049805,4379.01123,571150
25-04-2023,4409.950195,4446.25,4383.100098,4416.5,4396.381836,252655
26-04-2023,4419.950195,4488.700195,4401,4410.399902,4390.30957,438486
27-04-2023,4419.850098,4438.5,4365.049805,4417.5,4397.376953,400508
28-04-2023,4442.950195,4529,4430.950195,4513.700195,4493.13916,713399
02-05-2023,4529.75,4573.299805,4476.899902,4490.799805,4470.342773,384900
03-05-2023,4509.75,4524.450195,4482,4515.450195,4494.881348,287955
04-05-2023,4510,4569.899902,4500,4553.200195,4532.458984,391146
05-05-2023,4550,4630,4521.5,4602.5,4581.53418,332169
08-05-2023,4611,4660,4585,4625.100098,4604.03125,274255
09-05-2023,4645.899902,4647.899902,4582.299805,4593.049805,4572.127441,207566
10-05-2023,4593.049805,4634,4577,4601.299805,4580.339844,293523
11-05-2023,4610.950195,4645,4584.649902,4595.299805,4574.367188,409446
12-05-2023,4595,4640,4535,4605.25,4584.271973,427837
15-05-2023,4609.950195,4689,4591.100098,4625.850098,4604.77832,401847
16-05-2023,4625,4642.25,4541,4555.100098,4534.350586,310725
17-05-2023,4580.049805,4599.600098,4458,4482.149902,4461.73291,266803
18-05-2023,4510,4529.899902,4433,4442,4421.765625,167057
19-05-2023,4455,4465,4410.25,4447.149902,4426.89209,177405
22-05-2023,4459.799805,4625,4451.950195,4605.299805,4584.321777,361967
23-05-2023,4605,4617.049805,4533,4550.399902,4529.671387,433331
24-05-2023,4540.950195,4607,4523.350098,4536.450195,4515.785156,225979
25-05-2023,4569,4597.950195,4530.950195,4568.149902,4547.34082,202680
26-05-2023,4590,4620,4551.25,4609.899902,4588.900879,289579
29-05-2023,4635,4665,4580.649902,4640.450195,4619.311523,332364
30-05-2023,4672,4795,4535.450195,4599.149902,4578.199707,1298380
31-05-2023,4600,4731,4525,4621.950195,4600.895996,1655511
01-06-2023,4689,4847,4686,4814.25,4792.319824,1692479
02-06-2023,4839.649902,5002.200195,4806,4967.299805,4944.672363,1326161
05-06-2023,4967.950195,5009.200195,4934.049805,4950.200195,4927.650879,698352
06-06-2023,4969,4969.450195,4893.5,4940.100098,4917.597168,382992
07-06-2023,4964.450195,5040,4950.049805,5026.450195,5003.553223,552840
08-06-2023,5020,5028.549805,4920,4926.649902,4904.208008,411502
09-06-2023,4926.649902,4965.850098,4907.049805,4926.700195,4904.257813,249400
12-06-2023,4949,4995,4915.049805,4924.75,4902.316406,343835
13-06-2023,4925,4990,4916.75,4951.049805,4928.496582,308751
14-06-2023,4965,5022.549805,4951.049805,5009,4986.182617,360156
15-06-2023,5039.950195,5259.799805,5018,5218.75,5194.977051,1712253
16-06-2023,5218.75,5294,5163.049805,5200.049805,5176.362305,797312
19-06-2023,5220,5261.950195,5135.299805,5145,5121.563477,327818
20-06-2023,5174.950195,5197.899902,5101.100098,5162.049805,5138.535156,334154
21-06-2023,5169.850098,5173,5086.600098,5118.75,5095.433105,410174
22-06-2023,5129.899902,5155,5055,5066,5042.922852,329800
23-06-2023,5084.399902,5084.399902,5001,5045.450195,5022.466797,335552
26-06-2023,5049.950195,5055,5000.049805,5036.950195,5014.005859,430106
27-06-2023,5040,5150,5036.950195,5142.799805,5119.373047,556456
28-06-2023,5145,5175.950195,5116.149902,5126.899902,5103.54541,362944
30-06-2023,5128,5148.950195,5064.049805,5098.200195,5074.976563,411015
03-07-2023,5127.5,5142.5,5060,5068.5,5045.412109,150815
04-07-2023,5119.899902,5124.700195,5052.049805,5109.950195,5086.672852,233404
05-07-2023,5125,5148.5,5050.399902,5077.649902,5054.52002,279982
06-07-2023,5090,5310,5070.200195,5283.049805,5258.984375,1251554
07-07-2023,5274.950195,5274.950195,5130,5146.25,5122.807617,559765
10-07-2023,5179.850098,5203.5,5110.75,5158.350098,5134.852051,271366
11-07-2023,5200,5272.399902,5165.100098,5257,5233.053223,503174
12-07-2023,5261.649902,5288.450195,5205.850098,5252.049805,5228.125,263391
13-07-2023,5289.899902,5289.899902,5168,5182,5158.394531,338327
14-07-2023,5180,5198.450195,5096.25,5171.799805,5148.241211,508041
17-07-2023,5152.200195,5318.950195,5152.200195,5219.299805,5195.524414,469609
18-07-2023,5206.5,5324,5106.450195,5162.600098,5139.083008,511024
19-07-2023,5162.600098,5223.950195,5162.600098,5175.600098,5152.023926,265631
20-07-2023,5170,5210,5132.649902,5195.450195,5171.783691,276787
21-07-2023,5130.049805,5253,5125.049805,5204.899902,5181.19043,313184
24-07-2023,5144,5225.700195,5144,5180.799805,5157.200195,249814
25-07-2023,5153.799805,5220,5153.799805,5212.200195,5188.45752,547945
26-07-2023,5196,5255,5143.049805,5155.75,5132.26416,297720
27-07-2023,5146.75,5265,5144.200195,5215.5,5191.741699,363050
28-07-2023,5177,5364,5177,5346.950195,5322.59375,453505
31-07-2023,5339.950195,5339.950195,5158.549805,5173.450195,5149.884277,689230
01-08-2023,5210,5210,5021.549805,5032.399902,5009.476074,1044095
02-08-2023,5033,5043.700195,4976,4996.75,4973.98877,1016605
03-08-2023,4960,5030,4956.299805,4996.299805,4973.540039,412037
04-08-2023,5025,5036.450195,4964,4980.299805,4957.613281,358846
07-08-2023,4980.299805,5024.899902,4956.350098,5014.399902,4991.558105,608113
08-08-2023,5017,5055,4980.149902,5023.350098,5000.467773,519420
09-08-2023,5023.350098,5026,4958,4981.350098,4958.658691,268668
10-08-2023,4981.399902,4981.450195,4903.600098,4922.5,4900.07666,370166
11-08-2023,4930,5012,4811.149902,4906.149902,4883.800781,1066479
14-08-2023,4863,4927.549805,4730,4820.850098,4798.890137,832136
16-08-2023,4800,4953.950195,4754.100098,4941.899902,4919.388184,667417
17-08-2023,4940.5,4960,4872.549805,4892.75,4879.348145,375779
18-08-2023,4874.950195,4895,4825.100098,4848.350098,4843.980469,336848
21-08-2023,4881,4945.450195,4840,4932.649902,4928.204102,243126
22-08-2023,4947.899902,4959,4906.149902,4919.649902,4915.21582,175172
23-08-2023,4958,4987,4911,4945.600098,4941.142578,597123
24-08-2023,4955,4983.5,4900.100098,4919.950195,4915.516113,534065
25-08-2023,4900,4913.100098,4846,4865.5,4861.114746,249504
28-08-2023,4874.899902,4911.850098,4842,4905.450195,4901.028809,204098
29-08-2023,4906,4945,4858.899902,4878.399902,4874.00293,591619
30-08-2023,4881.950195,4889.950195,4845,4874.5,4870.106934,396122
31-08-2023,4887.450195,4911.799805,4805.799805,4814.100098,4809.76123,488260
01-09-2023,4840,4849.950195,4801.200195,4840.350098,4835.987793,206097
04-09-2023,4860,4870,4817.600098,4824.850098,4820.501465,354446
05-09-2023,4860,4992,4832.049805,4984.5,4980.007324,800554
06-09-2023,4980,5043.649902,4954,5033.100098,5028.563965,535407
07-09-2023,5029.950195,5044.899902,4987,5029.049805,5024.51709,334709
08-09-2023,5040,5049.799805,4977.950195,4985.149902,4980.656738,292671
11-09-2023,5004,5106.799805,5003.75,5095.950195,5091.357422,543287
12-09-2023,5111,5125,4966,4979.200195,4974.712402,483061
13-09-2023,4975,5021.200195,4945,5011,5006.483887,232238
14-09-2023,5001,5100,4995.5,5084.549805,5079.967285,414391
15-09-2023,5084.549805,5150.399902,5061.700195,5091.799805,5087.210449,658355
18-09-2023,5100,5162,5067.350098,5075.149902,5070.575684,371912
20-09-2023,5051.450195,5059.799805,4929,5006.299805,5001.787598,509910
21-09-2023,4990,5046.950195,4975.450195,5020.049805,5015.525391,422586
22-09-2023,5013,5016.799805,4955,4989.549805,4985.052734,348459
25-09-2023,5014.899902,5113.450195,4972.850098,5097.049805,5092.456055,386746
26-09-2023,5097,5097,5030.25,5053.700195,5049.145508,267102
27-09-2023,5054,5118.850098,5020,5105.350098,5100.748535,460768
28-09-2023,5105.350098,5145.5,4995,5020.100098,5015.575684,407714
29-09-2023,5054,5186.950195,5026.600098,5137.75,5133.119629,410567
03-10-2023,5138.950195,5154.950195,5066,5118.950195,5114.336426,268482
04-10-2023,5085,5096.850098,4982.299805,5047.399902,5042.850586,442482
05-10-2023,5054.950195,5079.850098,5026.649902,5047.049805,5042.500977,363289
06-10-2023,5050,5084,5028.799805,5060.25,5055.689453,407753
09-10-2023,5000,5066,4987.049805,5047.299805,5042.750977,176296
10-10-2023,5068.950195,5084.549805,5033,5066.700195,5062.133789,202645
11-10-2023,5072.950195,5140,5065,5092.850098,5088.259766,336099
12-10-2023,5092.799805,5113.950195,4871.700195,4993.850098,4989.349121,1029595
13-10-2023,4988.950195,5029.100098,4933.75,5017.299805,5012.777832,410013
16-10-2023,5030,5049.450195,4986.399902,5021.700195,5017.174316,259806
17-10-2023,5050,5068,5012.200195,5028.799805,5024.267578,217907
18-10-2023,5021,5039.950195,4938.450195,4977.25,4972.76416,341459
19-10-2023,4977.25,5019.950195,4935.149902,4997.049805,4992.545898,231958
20-10-2023,4990.100098,4999.950195,4940.5,4977.549805,4973.063477,252447
23-10-2023,4977,5010.549805,4944.149902,4969.549805,4965.070801,363474
25-10-2023,4960,4971.350098,4831.5,4859.899902,4855.519531,894230
26-10-2023,4859.899902,4859.899902,4726,4760.299805,4756.009277,836962
27-10-2023,4779.950195,4860.549805,4776.799805,4830.200195,4825.84668,333727
30-10-2023,4840,4868.399902,4783.049805,4841.75,4837.38623,234759
31-10-2023,4832,4899.649902,4805.200195,4819.899902,4815.555664,276660
01-11-2023,4835,4856,4790,4796.549805,4792.226563,281746
02-11-2023,4837.799805,4895,4810.200195,4887,4882.595215,214035
03-11-2023,4950.75,5165.5,4937.049805,5153.200195,5148.555664,1262458
06-11-2023,5141.049805,5228,5127.5,5164.950195,5160.294922,399720
07-11-2023,5150,5181.950195,5121.049805,5136.850098,5132.220215,222204
08-11-2023,5135,5153.649902,5087.450195,5110.950195,5106.34375,400498
09-11-2023,5147.5,5313,5122.049805,5297.600098,5292.825684,1032216
10-11-2023,5300,5338,5218.649902,5278.5,5273.742676,696409
13-11-2023,5250,5279,5200.200195,5220.649902,5215.944824,150128
15-11-2023,5283.850098,5295,5207,5224.950195,5220.241211,356675
16-11-2023,5224,5368,5201.75,5338.75,5333.938477,449045
17-11-2023,5332.200195,5493.350098,5306.149902,5478.950195,5474.012207,735541
20-11-2023,5475,5595,5455.049805,5473.950195,5469.016602,526567
21-11-2023,5500,5520.299805,5422.399902,5466.799805,5461.872559,382979
22-11-2023,5467,5539.950195,5439.149902,5532,5527.01416,302473
23-11-2023,5530,5550,5473.299805,5493.950195,5488.998535,234584
24-11-2023,5493,5493,5395,5401.299805,5396.431641,270183
28-11-2023,5401.299805,5424.850098,5341,5366.799805,5361.962891,362746
29-11-2023,5372.100098,5435,5364.5,5421.950195,5417.063477,277119
30-11-2023,5382,5550,5382,5528.950195,5523.967285,775261
01-12-2023,5550,5687.649902,5530.350098,5591.149902,5586.11084,546990
04-12-2023,5626,5658.25,5569.600098,5622.549805,5617.482422,936113
05-12-2023,5610,5689,5525,5580.200195,5575.170898,787929
06-12-2023,5534.149902,5639,5508.75,5543.100098,5538.104004,574427
07-12-2023,5490.25,5519.799805,5441.5,5461.399902,5456.477539,510609
08-12-2023,5495,5572.549805,5439.049805,5555.350098,5550.343262,456382
11-12-2023,5550,5555.350098,5490,5547.350098,5542.350586,238128
12-12-2023,5550,5550,5403.200195,5428.950195,5424.057129,615205
13-12-2023,5402.950195,5452,5369.399902,5426.75,5421.858887,476781
14-12-2023,5494.799805,5532.950195,5452.100098,5515.899902,5510.928711,490550
15-12-2023,5530,5588,5500,5551.200195,5546.196777,349758
18-12-2023,5550.5,5607.75,5494,5498.649902,5493.693848,428321
19-12-2023,5508.799805,5675.350098,5503.700195,5555.5,5550.493164,682732
20-12-2023,5555.5,5605.799805,5375.100098,5402.200195,5397.331055,437044
21-12-2023,5344,5553,5284.850098,5475.850098,5470.915039,487514
22-12-2023,5510,5549,5462.700195,5541.399902,5536.405762,220537
26-12-2023,5541.399902,5645,5526.149902,5633.149902,5628.072754,243281
27-12-2023,5635,5715,5615.600098,5687.450195,5682.324219,307177
28-12-2023,5675,5770,5674.75,5760.5,5755.308105,568149
29-12-2023,5740,5758.950195,5677.299805,5704.100098,5698.958984,325682
01-01-2024,5741,5765,5707.850098,5750.049805,5744.867188,127030
02-01-2024,5738.100098,5782.649902,5680,5746.350098,5741.170898,166449
03-01-2024,5730,5786,5673.049805,5768.299805,5763.101074,198997
04-01-2024,5768.299805,5839.950195,5731.5,5762.200195,5757.006836,220702
05-01-2024,5762.200195,5808.799805,5715,5754.25,5749.063965,144894
08-01-2024,5750,5774.850098,5640,5682,5676.878906,157009
09-01-2024,5702.200195,5849,5674.700195,5797.649902,5792.424805,329437
10-01-2024,5800,5819.299805,5721.299805,5800.899902,5795.671875,239740
11-01-2024,5804,5892,5802.25,5869.899902,5864.609375,213210
12-01-2024,5870,5922,5742.850098,5795.700195,5790.476563,250919
15-01-2024,5835,5924.149902,5804,5896.399902,5891.085449,375458
16-01-2024,5882,5967.450195,5829,5904.549805,5899.228027,347797
17-01-2024,5872.850098,5980.350098,5831.25,5925.899902,5920.559082,378205
18-01-2024,5959,6028.950195,5838,5990.850098,5985.450684,591170
19-01-2024,5987,6120,5951,6094.649902,6089.156738,326813
23-01-2024,6428,6428.700195,6133.649902,6153.75,6148.203613,982889
24-01-2024,6153.549805,6230,6083.350098,6213.350098,6207.75,435151
25-01-2024,6210.049805,6238.200195,6119.100098,6168.850098,6163.290039,337391
29-01-2024,6199.049805,6349,6177.799805,6329.75,6324.044922,554591
30-01-2024,6331,6387.850098,6283.799805,6309.799805,6304.112793,304312
31-01-2024,6280,6371.649902,6255.549805,6352.950195,6347.224609,499281
01-02-2024,6289.649902,6377,6267.799805,6287.950195,6282.283203,255111
02-02-2024,6320,6359.049805,6291.299805,6320.549805,6314.853027,239428
05-02-2024,6320.549805,6346.600098,6209.200195,6234.5,6228.880859,147909
06-02-2024,6259.950195,6297.899902,6155.049805,6197.299805,6191.714355,326654
07-02-2024,6237.75,6248.850098,6155,6177.950195,6172.382324,323738
08-02-2024,6201.5,6363.200195,6150,6231,6225.384277,794455
09-02-2024,6269.399902,6473.950195,6213.600098,6437.350098,6431.54834,933104
12-02-2024,6464.899902,6677.799805,6375,6614.450195,6608.48877,709946
13-02-2024,6614.450195,6740,6598.25,6718.899902,6712.844238,521773
14-02-2024,6718.799805,6775,6700,6754.100098,6748.012695,452781
15-02-2024,6750,6764.399902,6585.600098,6627.600098,6621.626953,446114
16-02-2024,6631.049805,6660.450195,6525.100098,6600.549805,6594.601074,391508
19-02-2024,6620,6675.950195,6511.049805,6657.149902,6651.149902,334607
20-02-2024,6667.5,6785,6637.850098,6759.450195,6759.450195,559251
21-02-2024,6784.950195,6821.950195,6717.299805,6760.149902,6760.149902,537325
22-02-2024,6765,6874.450195,6690.049805,6769.200195,6769.200195,564432
23-02-2024,6779,6786.799805,6723.100098,6774.049805,6774.049805,352524
26-02-2024,6769.950195,6791.75,6570.899902,6584,6584,453443
27-02-2024,6588,6668.450195,6570,6620.600098,6620.600098,313760
28-02-2024,6630,6630,6345.299805,6362.350098,6362.350098,536602
29-02-2024,6392.549805,6392.549805,6062.049805,6101.600098,6101.600098,1543361
01-03-2024,6102,6107,5941.850098,6085.399902,6085.399902,1749136
04-03-2024,6145,6171.75,6022.850098,6033.299805,6033.299805,551616
05-03-2024,6035.049805,6103.5,5976.200195,6061.100098,6061.100098,724456
06-03-2024,6025,6078.899902,5945,6054.299805,6054.299805,588776
07-03-2024,6065.5,6142.850098,6032,6048.799805,6048.799805,738112
11-03-2024,6048.799805,6225,6036.100098,6204.700195,6204.700195,521556
12-03-2024,6240,6274.25,6107.5,6144.799805,6144.799805,482112
13-03-2024,6180,6180,5956.049805,6008.399902,6008.399902,356191
14-03-2024,6008.399902,6095,5980,6023.149902,6023.149902,439181
15-03-2024,6015,6030.850098,5941.600098,5983.200195,5983.200195,764270
18-03-2024,5997.75,6144.950195,5978.649902,6136.549805,6136.549805,419258
19-03-2024,6077,6125.700195,6034.049805,6113.200195,6113.200195,542392
20-03-2024,6148,6200.700195,6073.450195,6174.049805,6174.049805,413963
21-03-2024,6189.899902,6214.399902,6105.600098,6182.5,6182.5,350032
22-03-2024,6169.149902,6390.899902,6168.700195,6375.899902,6375.899902,727548
26-03-2024,6398,6463.450195,6309.5,6322.450195,6322.450195,629120
27-03-2024,6355,6399.399902,6220,6231.450195,6231.450195,603420
28-03-2024,6231.450195,6425.600098,6112.5,6356.799805,6356.799805,818070
01-04-2024,6401,6557,6372.75,6457.25,6457.25,440465
02-04-2024,6469.5,6469.5,6404.200195,6419.75,6419.75,213898
03-04-2024,6399.549805,6409,6311,6375.049805,6375.049805,289202
04-04-2024,6425,6475,6326.399902,6440.600098,6440.600098,547885
05-04-2024,6440.600098,6480,6381.549805,6397.75,6397.75,239001
08-04-2024,6397.75,6397.75,6280,6307.75,6307.75,491584
09-04-2024,6347.799805,6540,6330.950195,6505.049805,6505.049805,592624
10-04-2024,6505.049805,6515.899902,6451,6489.850098,6489.850098,174947
12-04-2024,6450,6477.899902,6362.700195,6406.549805,6406.549805,450885
15-04-2024,6325.100098,6399.100098,6283,6303.149902,6303.149902,251305
16-04-2024,6299.950195,6347.600098,6202,6334.75,6334.75,290190
18-04-2024,6306.100098,6334.399902,6053.200195,6074.149902,6074.149902,518459
19-04-2024,6140,6199,6050,6169.549805,6169.549805,560178
22-04-2024,6154.5,6258,6150,6238.549805,6238.549805,197001
23-04-2024,6241.5,6303.799805,6181,6194.899902,6194.899902,217146
24-04-2024,6229.899902,6310.5,6186.149902,6283.350098,6283.350098,207837
25-04-2024,6280,6402.200195,6168.850098,6384.100098,6384.100098,520353
26-04-2024,6380,6380,6251.049805,6258.600098,6258.600098,261065
29-04-2024,6200,6200,5733,5968.350098,5968.350098,2785015
30-04-2024,6000,6023,5901,5947.100098,5947.100098,1040838
02-05-2024,5947.100098,6000,5939.450195,5958.549805,5958.549805,572406
03-05-2024,6000,6027.700195,5960.049805,6009.600098,6009.600098,563849
06-05-2024,6050,6086.149902,5986.200195,6056.700195,6056.700195,419144
07-05-2024,6080,6080,5856.399902,5900.25,5900.25,455928
08-05-2024,5892,5910,5812.649902,5846.5,5846.5,511587
09-05-2024,5859.899902,5892,5790,5806.399902,5806.399902,598157
10-05-2024,5819.950195,5881,5753.25,5842.450195,5842.450195,372227
13-05-2024,5820,5842.399902,5790.200195,5830.149902,5830.149902,348407
14-05-2024,5855,5894.649902,5740,5862.799805,5862.799805,558136
15-05-2024,5869.950195,5883.450195,5820,5848.799805,5848.799805,509306
16-05-2024,5890,5944.5,5850,5931.700195,5931.700195,378026
17-05-2024,5925,5973,5910.100098,5953.049805,5953.049805,267904
21-05-2024,6000,6041.899902,5920.399902,5948.25,5948.25,606639
22-05-2024,5958.600098,5958.600098,5844.950195,5868.149902,5868.149902,735701
23-05-2024,5878.450195,5991.450195,5860.600098,5970.049805,5970.049805,308200
24-05-2024,5938.299805,5971.850098,5867,5914.350098,5914.350098,608807
27-05-2024,5950,5959.5,5918,5939.299805,5939.299805,189637
28-05-2024,5944.149902,5971.450195,5880.299805,5904.5,5904.5,314362
29-05-2024,5909.899902,5945,5880.899902,5903.450195,5903.450195,337183
30-05-2024,5900,5901.75,5750,5766.450195,5766.450195,643549
31-05-2024,5855.950195,5959.350098,5743,5839.200195,5839.200195,1382132
03-06-2024,5986.299805,6018.149902,5812.549805,5851.200195,5851.200195,804820
04-06-2024,5750.350098,5963.75,5693.200195,5845.700195,5845.700195,642000
05-06-2024,5915,5944.75,5776.799805,5934.649902,5934.649902,487289
06-06-2024,5970,5975,5900,5962,5962,490549
07-06-2024,5987.75,6031,5965.450195,6014.549805,6014.549805,436163
10-06-2024,6040,6075,5992.049805,6056.700195,6056.700195,443756
11-06-2024,6081.75,6167.25,6059.200195,6107.950195,6107.950195,521348
12-06-2024,6117.299805,6188.850098,6075,6168.600098,6168.600098,321285
13-06-2024,6207.950195,6210.549805,6160,6206.200195,6206.200195,401804
14-06-2024,6210,6219.950195,6175,6207.600098,6207.600098,216573
18-06-2024,6225,6249.799805,6166.200195,6236.350098,6236.350098,267887
19-06-2024,6265,6269,6128.049805,6173.549805,6173.549805,401714
20-06-2024,6165.700195,6193.700195,6115.75,6175.850098,6175.850098,252844
21-06-2024,6152.200195,6239.100098,6145,6170,6170,434583
24-06-2024,6170,6295,6156.149902,6259.549805,6259.549805,357273
25-06-2024,6258,6315,6242.25,6295.350098,6295.350098,348730
26-06-2024,6279.799805,6285.649902,6125,6136.799805,6136.799805,538411
27-06-2024,6115.75,6200.399902,6055,6192.5,6192.5,440975
28-06-2024,6222.5,6222.5,6145.149902,6185.700195,6185.700195,334692
01-07-2024,6180,6180,6108.450195,6140.5,6140.5,374933
02-07-2024,6134.75,6163.75,6077,6097.600098,6097.600098,436037
03-07-2024,6132.25,6217.75,6079.049805,6192.700195,6192.700195,188203
04-07-2024,6200.950195,6244,6161,6225.049805,6225.049805,222050
05-07-2024,6201,6342.850098,6159,6328.549805,6328.549805,350300
08-07-2024,6380,6387.950195,6292.799805,6317.450195,6317.450195,317731
09-07-2024,6309.299805,6350.399902,6255.899902,6320.299805,6320.299805,176239
10-07-2024,6320.299805,6417,6301.149902,6375.700195,6375.700195,295890
11-07-2024,6395.899902,6411.649902,6340,6389.049805,6389.049805,354777
12-07-2024,6385.200195,6419.950195,6320,6353.899902,6353.899902,211028
15-07-2024,6340.5,6466.700195,6340.5,6437.25,6437.25,359221
16-07-2024,6437.25,6464,6403,6453.700195,6453.700195,298376
18-07-2024,6432,6539.700195,6430,6520.850098,6520.850098,583444
19-07-2024,6525.25,6525.25,6365,6381.950195,6381.950195,228785
22-07-2024,6381.950195,6434,6370.149902,6402.149902,6402.149902,222285
23-07-2024,6404,6474.399902,6324.799805,6403.600098,6403.600098,284679
24-07-2024,6400,6443.950195,6350.049805,6422.600098,6422.600098,309594
25-07-2024,6404.799805,6434.149902,6372,6385.799805,6385.799805,412373
26-07-2024,6433,6679.950195,6393.549805,6664.549805,6664.549805,432671
29-07-2024,6777,6777,6616.399902,6688.600098,6688.600098,155853
